Conservation Unit,Brood Year,rec2,rec3,rec4,rec5,total rec (4+5),effective female spawners,DUID
Takla-Trembleur-Estu,1948,0,0,0.179412,0.018741,0.198153,0.010859,20
Takla-Trembleur-Estu,1949,0,0.006218,1.029437,0.001271,1.030708,0.168458,20
Takla-Trembleur-Estu,1950,0,0.000579,0.240545,0.000542,0.241087,0.025658,20
Takla-Trembleur-Estu,1951,0,0.000009,0.158428,0.015217,0.173645,0.029785,20
Takla-Trembleur-Estu,1952,0,0.000028,0.078012,0.01056,0.088572,0.015484,20
Takla-Trembleur-Estu,1953,0,0.000294,0.537711,0.002886,0.540597,0.078238,20
Takla-Trembleur-Estu,1954,0,0.000341,0.154781,0.000701,0.155482,0.01801,20
Takla-Trembleur-Estu,1955,0,0.000011,0.025824,0.001632,0.027456,0.001397,20
Takla-Trembleur-Estu,1956,0,0,0.101035,0.006393,0.107428,0.016661,20
Takla-Trembleur-Estu,1957,0,0.00073,1.215763,0.003272,1.219035,0.119273,20
Takla-Trembleur-Estu,1958,0,0.000755,0.102112,0.00024,0.102352,0.022196,20
Takla-Trembleur-Estu,1959,0,0,0.014682,0.006153,0.020835,0.001297,20
Takla-Trembleur-Estu,1960,0,0.000022,0.069925,0.004202,0.074127,0.007401,20
Takla-Trembleur-Estu,1961,0,0.00063,0.252123,0.002208,0.254331,0.087782,20
Takla-Trembleur-Estu,1962,0,0,0.067661,0.005992,0.073653,0.014103,20
Takla-Trembleur-Estu,1963,0,0.000332,0.090397,0.001825,0.092222,0.00259,20
Takla-Trembleur-Estu,1964,0,0.001027,0.02594,0.012949,0.038889,0.0013,20
Takla-Trembleur-Estu,1965,0,0.000432,0.415253,0.001526,0.416779,0.011241,20
Takla-Trembleur-Estu,1966,0,0.001746,0.08304,0,0.08304,0.005959,20
Takla-Trembleur-Estu,1967,0,0.000423,0.326142,0.013128,0.33927,0.011167,20
Takla-Trembleur-Estu,1968,0,0.000011,0.010412,0,0.010412,0.000793,20
Takla-Trembleur-Estu,1969,0,0.000648,1.366181,0.004452,1.370633,0.048796,20
Takla-Trembleur-Estu,1970,0,0.001212,0.178232,0.001312,0.179544,0.015806,20
Takla-Trembleur-Estu,1971,0,0.000311,0.42351,0.006993,0.430503,0.04561,20
Takla-Trembleur-Estu,1972,0,0.000025,0.032207,0,0.032207,0.002253,20
Takla-Trembleur-Estu,1973,0,0.004591,1.342456,0.003951,1.346407,0.153876,20
Takla-Trembleur-Estu,1974,0,0.001242,0.141307,0.002218,0.143525,0.02161,20
Takla-Trembleur-Estu,1975,0,0.00015,0.220007,0.002852,0.222859,0.026252,20
Takla-Trembleur-Estu,1976,0,0.000043,0.0288,0.003034,0.031834,0.006792,20
Takla-Trembleur-Estu,1977,0,0.000572,0.752467,0.008655,0.761122,0.053363,20
Takla-Trembleur-Estu,1978,0,0.000202,0.07147,0.00118,0.07265,0.020004,20
Takla-Trembleur-Estu,1979,0,0.000034,0.089807,0.017889,0.107696,0.03617,20
Takla-Trembleur-Estu,1980,0,0.00001,0.03795,0.025541,0.063491,0.007361,20
Takla-Trembleur-Estu,1981,0,0.000046,0.33129,0.018805,0.350095,0.071485,20
Takla-Trembleur-Estu,1982,0,0.000013,0.026796,0.001007,0.027803,0.002158,20
Takla-Trembleur-Estu,1983,0,0.000423,0.17676,0.010949,0.187709,0.013121,20
Takla-Trembleur-Estu,1984,0,0.00024,0.209867,0.029536,0.239403,0.021868,20
Takla-Trembleur-Estu,1985,0,0.002414,1.179879,0.026057,1.205936,0.118124,20
Takla-Trembleur-Estu,1986,0,0.000056,0.12828,0.017603,0.145883,0.01516,20
Takla-Trembleur-Estu,1987,0,0.000008,0.494847,0.031065,0.525912,0.075524,20
Takla-Trembleur-Estu,1988,0,0.000033,0.319342,0.059894,0.379236,0.088071,20
Takla-Trembleur-Estu,1989,0,0.00042,1.091749,0.045932,1.137681,0.211041,20
Takla-Trembleur-Estu,1990,0,0.000002,0.156963,0.009121,0.166084,0.047065,20
Takla-Trembleur-Estu,1991,0,0.000514,0.129192,0.014581,0.143773,0.085456,20
Takla-Trembleur-Estu,1992,0,0.00001,0.080797,0.019569,0.100366,0.036565,20
Takla-Trembleur-Estu,1993,0,0.000847,1.652166,0.16177,1.813936,0.386806,20
Takla-Trembleur-Estu,1994,0,0.000006,0.02799,0.001034,0.029024,0.014499,20
Takla-Trembleur-Estu,1995,0,0.00002,0.170595,0.018985,0.18958,0.057342,20
Takla-Trembleur-Estu,1996,0,0,0.359206,0.10494,0.464146,0.041063,20
Takla-Trembleur-Estu,1997,0,0.000001,0.109249,0.038121,0.14737,0.073416,20
Takla-Trembleur-Estu,1998,0,0.000002,0.024341,0.004349,0.02869,0.009332,20
Takla-Trembleur-Estu,1999,0,0,0.025927,0.004639,0.030566,0.008189,20
Takla-Trembleur-Estu,2000,0,0,0.132457,0.003417,0.135874,0.035333,20
Takla-Trembleur-Estu,2001,0,0.000005,0.216279,0.035722,0.252001,0.082852,20
Takla-Trembleur-Estu,2002,0,0,0.020266,0.0043,0.024566,0.012921,20
Takla-Trembleur-Estu,2003,0,0,0.008431,0.001588,0.010019,0.006932,20
Takla-Trembleur-Estu,2004,0,0,0.032387,0.005094258,0.037481258,0.005181,20
Takla-Trembleur-Estu,2005,0,0.000049,0.076375084,0.007843862,0.084218946,0.051153,20
Takla-Trembleur-Estu,2006,0,0,0.096013086,0.010603435,0.106616521,0.015914,20
Takla-Trembleur-Estu,2007,0,0,0.010551366,NA,NA,0.002376,20
Takla-Trembleur-Estu,2008,NA,NA,NA,NA,NA,0.014446,20
Takla-Trembleur-Estu,2009,NA,NA,NA,NA,NA,0.021884,20
Takla-Trembleur-Estu,2010,NA,NA,NA,NA,NA,0.034197,20
Takla-Trembleur-Estu,2011,NA,NA,NA,NA,NA,0.000233,20
Takla-Trembleur-Estu,2012,NA,NA,NA,NA,NA,0.006812,20
Takla-Trembleur-Estu,2013,NA,NA,NA,NA,NA,0.039658,20
Takla-Trembleur-Stuart-S,1948,0,0,0.000327,0,0.000327,NA,21
Takla-Trembleur-Stuart-S,1949,0,0.003433,1.526554,0,1.526554,0.039085,21
Takla-Trembleur-Stuart-S,1950,0,0.000591,0.036671,0.002419,0.03909,0.001834,21
Takla-Trembleur-Stuart-S,1951,0,0,0.056085,0.007559,0.063644,0.001246,21
Takla-Trembleur-Stuart-S,1952,0,0.000086,0.003858,0.000029,0.003887,0.000016,21
Takla-Trembleur-Stuart-S,1953,0,0.00083,1.548072,0.00147,1.549542,0.078686,21
Takla-Trembleur-Stuart-S,1954,0,0.00015,0.135111,0.002704,0.137815,0.002687,21
Takla-Trembleur-Stuart-S,1955,0,0.000029,0.050196,0.00112,0.051316,0.003274,21
Takla-Trembleur-Stuart-S,1956,0,0,0.013472,0.03263,0.046102,0.000466,21
Takla-Trembleur-Stuart-S,1957,0,0.000874,1.327094,0.001916,1.32901,0.300038,21
Takla-Trembleur-Stuart-S,1958,0,0.000672,0.053044,0.000961,0.054005,0.013152,21
Takla-Trembleur-Stuart-S,1959,0,0.000067,0.006092,0.001233,0.007325,0.00409,21
Takla-Trembleur-Stuart-S,1960,0,0.000027,0.006658,0.002932,0.00959,0.001307,21
Takla-Trembleur-Stuart-S,1961,0,0.000143,0.770385,0.007535,0.77792,0.194461,21
Takla-Trembleur-Stuart-S,1962,0,0.000045,0.043107,0.001917,0.045024,0.009073,21
Takla-Trembleur-Stuart-S,1963,0,0.000025,0.011911,0.000113,0.012024,0.001092,21
Takla-Trembleur-Stuart-S,1964,0,0.00006,0.001806,0.001235,0.003041,0.000824,21
Takla-Trembleur-Stuart-S,1965,0,0.000228,1.102448,0.021752,1.1242,0.122786,21
Takla-Trembleur-Stuart-S,1966,0,0.000274,0.071954,0.001851,0.073805,0.004164,21
Takla-Trembleur-Stuart-S,1967,0,0.000224,0.006294,0.010038,0.016332,0.000897,21
Takla-Trembleur-Stuart-S,1968,0,0,0.027393,0.003906,0.031299,0.000179,21
Takla-Trembleur-Stuart-S,1969,0,0.002756,1.602892,0.019888,1.62278,0.1143,21
Takla-Trembleur-Stuart-S,1970,0,0.000318,0.07052,0,0.07052,0.008027,21
Takla-Trembleur-Stuart-S,1971,0,0.001243,0.065527,0,0.065527,0.000725,21
Takla-Trembleur-Stuart-S,1972,0,0,0.01618,0.002586,0.018766,0.003411,21
Takla-Trembleur-Stuart-S,1973,0,0.00029,0.658158,0.005807,0.663965,0.116703,21
Takla-Trembleur-Stuart-S,1974,0,0.000855,0.048593,0.001268,0.049861,0.007371,21
Takla-Trembleur-Stuart-S,1975,0,0.000541,0.214097,0.000478,0.214575,0.005679,21
Takla-Trembleur-Stuart-S,1976,0,0,0.003339,0,0.003339,0.001674,21
Takla-Trembleur-Stuart-S,1977,0,0.000104,1.313861,0.043776,1.357637,0.075962,21
Takla-Trembleur-Stuart-S,1978,0,0.000699,0.06982,0.008928,0.078748,0.007115,21
Takla-Trembleur-Stuart-S,1979,0,0,0.006854,0,0.006854,0.016711,21
Takla-Trembleur-Stuart-S,1980,0,0,0.02144,0,0.02144,0.000287,21
Takla-Trembleur-Stuart-S,1981,0,0,1.97801,0.055891,2.033901,0.120124,21
Takla-Trembleur-Stuart-S,1982,0,0.000193,0.052097,0.008699,0.060796,0.008681,21
Takla-Trembleur-Stuart-S,1983,0,0,0.014195,0.003717,0.017912,0.001451,21
Takla-Trembleur-Stuart-S,1984,0,0.000222,0.014522,0,0.014522,0.000672,21
Takla-Trembleur-Stuart-S,1985,0,0.007755,3.367086,0.132788,3.499874,0.159048,21
Takla-Trembleur-Stuart-S,1986,0,0.000264,0.725126,0.091171,0.816297,0.015045,21
Takla-Trembleur-Stuart-S,1987,0,0.000984,0.283932,0.095155,0.379087,0.002392,21
Takla-Trembleur-Stuart-S,1988,0,0.001552,0.207234,0,0.207234,0.003638,21
Takla-Trembleur-Stuart-S,1989,0,0.020256,5.162734,0.144134,5.306868,0.327098,21
Takla-Trembleur-Stuart-S,1990,0,0.00044,0.372685,0.016654,0.389339,0.111747,21
Takla-Trembleur-Stuart-S,1991,0,0.000354,0.091441,0.017786,0.109227,0.0402,21
Takla-Trembleur-Stuart-S,1992,0,0,0.12897,0.006429,0.135399,0.012422,21
Takla-Trembleur-Stuart-S,1993,0,0.004082,3.249145,0.511029,3.760174,1.184283,21
Takla-Trembleur-Stuart-S,1994,0,0,0.108011,0.007429,0.11544,0.040705,21
Takla-Trembleur-Stuart-S,1995,0,0.001366,0.092713,0.039375,0.132088,0.017181,21
Takla-Trembleur-Stuart-S,1996,0,0.000607,0.810002,0.212391,1.022393,0.027297,21
Takla-Trembleur-Stuart-S,1997,0,0.000081,0.351715,0.079099,0.430814,0.415149,21
Takla-Trembleur-Stuart-S,1998,0,0.000312,0.26439,0.01256,0.27695,0.067834,21
Takla-Trembleur-Stuart-S,1999,0,0.000023,0.11752,0.016079,0.133599,0.0338,21
Takla-Trembleur-Stuart-S,2000,0,0.001827,0.868657,0.042459,0.911116,0.22624,21
Takla-Trembleur-Stuart-S,2001,0,0.000029,0.415504,0.08981,0.505314,0.179534,21
Takla-Trembleur-Stuart-S,2002,0,0.00002,0.121483,0.004449,0.125932,0.01782,21
Takla-Trembleur-Stuart-S,2003,0,0.000011,0.015962,0.00581,0.021772,0.019208,21
Takla-Trembleur-Stuart-S,2004,0,0.00022,0.263681,0.019014,0.282695,0.05131,21
Takla-Trembleur-Stuart-S,2005,0,0.000089,0.104588113,0.014974,0.119562113,0.164548,21
Takla-Trembleur-Stuart-S,2006,0,0.000037,0.169236096,0.005218,0.174454096,0.014283,21
Takla-Trembleur-Stuart-S,2007,0,0.000048,0.005104848,NA,NA,0.004144,21
Takla-Trembleur-Stuart-S,2008,NA,NA,NA,NA,NA,0.057881,21
Takla-Trembleur-Stuart-S,2009,NA,NA,NA,NA,NA,0.043271,21
Takla-Trembleur-Stuart-S,2010,NA,NA,NA,NA,NA,0.043476,21
Takla-Trembleur-Stuart-S,2011,NA,NA,NA,NA,NA,0.000778,21
Takla-Trembleur-Stuart-S,2012,NA,NA,NA,NA,NA,0.031771,21
Takla-Trembleur-Stuart-S,2013,NA,NA,NA,NA,NA,0.070946,21
Francois-Fraser-S,1948,0,0,0.185175,0.022002,0.207177,0.009242,7
Francois-Fraser-S,1949,0,0.000133,0.173402,0.006341,0.179743,0.040231,7
Francois-Fraser-S,1950,0,0.00463,0.903768,0.030719,0.934487,0.07741,7
Francois-Fraser-S,1951,0,0.000026,0.354049,0.101292,0.455341,0.051413,7
Francois-Fraser-S,1952,0,0.000023,0.093984,0.016694,0.110678,0.01992,7
Francois-Fraser-S,1953,0,0.00003,0.156192,0.018023,0.174215,0.020388,7
Francois-Fraser-S,1954,0,0.003311,1.140205,0.067783,1.207988,0.072273,7
Francois-Fraser-S,1955,0,0.000028,0.602677,0.027091,0.629768,0.029937,7
Francois-Fraser-S,1956,0,0.000092,0.2204,0.026243,0.246643,0.021686,7
Francois-Fraser-S,1957,0,0.000008,0.143835,0.008,0.151835,0.018044,7
Francois-Fraser-S,1958,0,0.001156,0.323089,0.016215,0.339304,0.061581,7
Francois-Fraser-S,1959,0,0.000017,0.514918,0.026485,0.541403,0.041872,7
Francois-Fraser-S,1960,0,0.000019,0.14334,0.021155,0.164495,0.022718,7
Francois-Fraser-S,1961,0,0.000288,0.137046,0.010068,0.147114,0.018136,7
Francois-Fraser-S,1962,0,0.0001,0.572029,0.017376,0.589405,0.044532,7
Francois-Fraser-S,1963,0,0.000977,0.713487,0.013462,0.726949,0.041535,7
Francois-Fraser-S,1964,0,0.000194,0.170674,0.006969,0.177643,0.016161,7
Francois-Fraser-S,1965,0,0.000179,0.2311,0.012372,0.243472,0.020479,7
Francois-Fraser-S,1966,0,0.000833,0.336316,0.022757,0.359073,0.051509,7
Francois-Fraser-S,1967,0,0.000288,0.531886,0.01835,0.550236,0.032467,7
Francois-Fraser-S,1968,0,0.000085,0.1259,0.003837,0.129737,0.01368,7
Francois-Fraser-S,1969,0,0.000131,0.235729,0.017385,0.253114,0.025629,7
Francois-Fraser-S,1970,0,0.00117,0.228808,0.00413,0.232938,0.026727,7
Francois-Fraser-S,1971,0,0.000496,0.508759,0,0.508759,0.020147,7
Francois-Fraser-S,1972,0,0.000204,0.711226,0.044784,0.75601,0.019938,7
Francois-Fraser-S,1973,0,0.000011,0.075813,0.010077,0.08589,0.015424,7
Francois-Fraser-S,1974,0,0.001823,0.281752,0.019534,0.301286,0.023718,7
Francois-Fraser-S,1975,0,0.003852,1.832708,0.064645,1.897353,0.068451,7
Francois-Fraser-S,1976,0,0.00015,0.216701,0.027506,0.244207,0.063865,7
Francois-Fraser-S,1977,0,0.000074,0.209138,0.056488,0.265626,0.010894,7
Francois-Fraser-S,1978,0,0.00086,0.388505,0.04804,0.436545,0.032528,7
Francois-Fraser-S,1979,0,0.000031,0.478737,0.145156,0.623893,0.152583,7
Francois-Fraser-S,1980,0,0.000207,0.535944,0.219255,0.755199,0.028477,7
Francois-Fraser-S,1981,0,0.000028,0.234136,0.051734,0.28587,0.01203,7
Francois-Fraser-S,1982,0,0.0019,0.309369,0.046504,0.355873,0.034888,7
Francois-Fraser-S,1983,0,0.001129,1.097744,0.158607,1.256351,0.061357,7
Francois-Fraser-S,1984,0,0.00017,0.744589,0.26643,1.011019,0.032672,7
Francois-Fraser-S,1985,0,0.000087,0.097659,0.030996,0.128655,0.021969,7
Francois-Fraser-S,1986,0,0.000023,0.445398,0.116424,0.561822,0.044564,7
Francois-Fraser-S,1987,0,0.000014,0.353471,0.082191,0.435662,0.098179,7
Francois-Fraser-S,1988,0,0.000158,0.566227,0.425114,0.991341,0.200537,7
Francois-Fraser-S,1989,0,0.000028,0.127212,0.095047,0.222259,0.015903,7
Francois-Fraser-S,1990,0,0.001145,0.861027,0.089664,0.950691,0.056537,7
Francois-Fraser-S,1991,0,0.000259,0.299039,0.037271,0.33631,0.054349,7
Francois-Fraser-S,1992,0,0.000275,0.734393,0.133793,0.868186,0.055138,7
Francois-Fraser-S,1993,0,0.000013,0.068158,0.241673,0.309831,0.042861,7
Francois-Fraser-S,1994,0,0.000127,0.593409,0.088649,0.682058,0.063584,7
Francois-Fraser-S,1995,0,0.000075,0.127344,0.05654,0.183884,0.041135,7
Francois-Fraser-S,1996,0,0.000016,0.635499,0.176479,0.811978,0.167624,7
Francois-Fraser-S,1997,0,0,0.068515,0.056658,0.125173,0.023241,7
Francois-Fraser-S,1998,0,0.000073,0.504421,0.133503,0.637924,0.096961,7
Francois-Fraser-S,1999,0,0,0.143988,0.030474,0.174462,0.06608,7
Francois-Fraser-S,2000,0,0,0.647582,0.070089,0.717671,0.195386,7
Francois-Fraser-S,2001,0,0,0.20341,0.083718,0.287128,0.06159,7
Francois-Fraser-S,2002,0,0.000047,0.224262,0.024066,0.248328,0.177618,7
Francois-Fraser-S,2003,0,0.000005,0.034522,0.014605,0.049127,0.043829,7
Francois-Fraser-S,2004,0,0.000153,0.213103,0.032642,0.245745,0.053755,7
Francois-Fraser-S,2005,0,0.000012,0.006639029,0.004885,0.011524029,0.102247,7
Francois-Fraser-S,2006,0,0.000087,0.391375934,0.080559,0.471934934,0.079834,7
Francois-Fraser-S,2007,0,0.00002,0.112036032,NA,NA,0.019626,7
Francois-Fraser-S,2008,NA,NA,NA,NA,NA,0.073798,7
Francois-Fraser-S,2009,NA,NA,NA,NA,NA,0.01577,7
Francois-Fraser-S,2010,NA,NA,NA,NA,NA,0.109383,7
Francois-Fraser-S,2011,NA,NA,NA,NA,NA,0.025856,7
Francois-Fraser-S,2012,NA,NA,NA,NA,NA,0.050572,7
Francois-Fraser-S,2013,NA,NA,NA,NA,NA,0.05413,7
Bowron-ES,1948,0,0,0.080266,0,0.080266,0.012826,2
Bowron-ES,1949,0,0.000045,0.062746,0,0.062746,0.010721,2
Bowron-ES,1950,0,0.00055,0.065365,0.009633,0.074998,0.007298,2
Bowron-ES,1951,0,0.000378,0.103443,0,0.103443,0.01004,2
Bowron-ES,1952,0,0.000008,0.036992,0.006304,0.043296,0.008568,2
Bowron-ES,1953,0,0.000003,0.070599,0.004977,0.075576,0.005734,2
Bowron-ES,1954,0,0.000652,0.062971,0.003293,0.066264,0.004566,2
Bowron-ES,1955,0,0.000043,0.092623,0.004289,0.096912,0.004472,2
Bowron-ES,1956,0,0,0.027586,0.01016,0.037746,0.003639,2
Bowron-ES,1957,0,0,0.041008,0.000958,0.041966,0.006416,2
Bowron-ES,1958,0,0.000043,0.017945,0.000167,0.018112,0.008297,2
Bowron-ES,1959,0,0.000011,0.056454,0.0054,0.061854,0.014614,2
Bowron-ES,1960,0,0.000004,0.017278,0.000451,0.017729,0.003506,2
Bowron-ES,1961,0,0,0.026835,0.001313,0.028148,0.003675,2
Bowron-ES,1962,0,0.000006,0.018822,0.002499,0.021321,0.003219,2
Bowron-ES,1963,0,0.000028,0.204973,0.009315,0.214288,0.011467,2
Bowron-ES,1964,0,0,0.025416,0.002091,0.027507,0.00069,2
Bowron-ES,1965,0,0.00005,0.01677,0.001029,0.017799,0.00117,2
Bowron-ES,1966,0,0,0.021196,0.001053,0.022249,0.001151,2
Bowron-ES,1967,0,0.000124,0.193857,0.012513,0.20637,0.013991,2
Bowron-ES,1968,0,0,0.037393,0.00615,0.043543,0.00171,2
Bowron-ES,1969,0,0,0.016003,0.001208,0.017211,0.001936,2
Bowron-ES,1970,0,0.000371,0.015826,0,0.015826,0.000497,2
Bowron-ES,1971,0,0,0.124161,0.000346,0.124507,0.010761,2
Bowron-ES,1972,0,0,0.01686,0.000111,0.016971,0.001969,2
Bowron-ES,1973,0,0,0.010538,0.000124,0.010662,0.002012,2
Bowron-ES,1974,0,0,0.015702,0.001729,0.017431,0.001046,2
Bowron-ES,1975,0,0.000122,0.121742,0.000634,0.122376,0.014735,2
Bowron-ES,1976,0,0,0.007112,0,0.007112,0.001069,2
Bowron-ES,1977,0,0,0.005875,0.009521,0.015396,0.001214,2
Bowron-ES,1978,0,0,0.039903,0.000724,0.040627,0.001678,2
Bowron-ES,1979,0,0,0.015714,0.01427,0.029984,0.016178,2
Bowron-ES,1980,0,0,0.039381,0.005789,0.04517,0.001376,2
Bowron-ES,1981,0,0,0.014724,0.001808,0.016532,0.000562,2
Bowron-ES,1982,0,0,0.003066,0.002211,0.005277,0.00099,2
Bowron-ES,1983,0,0.000017,0.036597,0.001535,0.038132,0.003484,2
Bowron-ES,1984,0,0.000012,0.044712,0.005879,0.050591,0.004909,2
Bowron-ES,1985,0,0,0.016449,0.002728,0.019177,0.00303,2
Bowron-ES,1986,0,0,0.020562,0.000636,0.021198,0.001396,2
Bowron-ES,1987,0,0.000132,0.018171,0.004289,0.02246,0.00566,2
Bowron-ES,1988,0,0,0.011669,0.001381,0.01305,0.007405,2
Bowron-ES,1989,0,0,0.004945,0.007897,0.012842,0.001367,2
Bowron-ES,1990,0,0,0.018847,0.012283,0.03113,0.005065,2
Bowron-ES,1991,0,0.000114,0.047542,0.001083,0.048625,0.00246,2
Bowron-ES,1992,0,0.000014,0.010556,0.002313,0.012869,0.001117,2
Bowron-ES,1993,0,0,0.016961,0.003506,0.020467,0.000592,2
Bowron-ES,1994,0,0,0.006743,0.004106,0.010849,0.001845,2
Bowron-ES,1995,0,0.00004,0.025092,0.002259,0.027351,0.013467,2
Bowron-ES,1996,0,0,0.020695,0.006081,0.026776,0.004055,2
Bowron-ES,1997,0,0,0.001335,0.003689,0.005024,0.002119,2
Bowron-ES,1998,0,0,0.011272,0.005729,0.017001,0.00283,2
Bowron-ES,1999,0,0,0.019734,0,0.019734,0.003295,2
Bowron-ES,2000,0,0,0.023887,0.001396,0.025283,0.00672,2
Bowron-ES,2001,0,0,0.004433,0.002392,0.006825,0.002752,2
Bowron-ES,2002,0,0,0.007279,0.000395,0.007674,0.004505,2
Bowron-ES,2003,0,0,0.003702,0.00009,0.003792,0.003038,2
Bowron-ES,2004,0,0,0.003008,0.003071,0.006079,0.000458,2
Bowron-ES,2005,0,0,0.001869,0.000382,0.002251,0.000866,2
Bowron-ES,2006,0,0,0.014783,0.002629,0.017412,0.000636,2
Bowron-ES,2007,0,0,0.008325,NA,NA,0.001075,2
Bowron-ES,2008,NA,NA,NA,NA,NA,0.000275,2
Bowron-ES,2009,NA,NA,NA,NA,NA,0.000843,2
Bowron-ES,2010,NA,NA,NA,NA,NA,0.004095,2
Bowron-ES,2011,NA,NA,NA,NA,NA,0.002037,2
Bowron-ES,2012,NA,NA,NA,NA,NA,0.00003,2
Bowron-ES,2013,NA,NA,NA,NA,NA,0.001924,2
Kamloops-ES,1948,0,0,0.062653,0.000684,0.063337,0.005524,11
Kamloops-ES,1949,0,0,0.036748,0.002878,0.039626,0.002109,11
Kamloops-ES,1950,0,0.000017,0.039549,0.00599,0.045539,0.001917,11
Kamloops-ES,1951,0,0.000008,0.034636,0.013009,0.047645,0.003364,11
Kamloops-ES,1952,0,0.000005,0.046167,0.00501,0.051177,0.005116,11
Kamloops-ES,1953,0,0,0.030285,0.001839,0.032124,0.0036,11
Kamloops-ES,1954,0,0.000231,0.038964,0.011293,0.050257,0.005352,11
Kamloops-ES,1955,0,0.000007,0.052497,0.00786,0.060357,0.002905,11
Kamloops-ES,1956,0,0,0.017335,0.008029,0.025364,0.005179,11
Kamloops-ES,1957,0,0.000072,0.018932,0.002011,0.020943,0.003314,11
Kamloops-ES,1958,0,0.000023,0.022591,0.000512,0.023103,0.006235,11
Kamloops-ES,1959,0,0,0.020417,0.003167,0.023584,0.005232,11
Kamloops-ES,1960,0,0.000064,0.014715,0.002049,0.016764,0.002252,11
Kamloops-ES,1961,0,0.000032,0.022139,0.002154,0.024293,0.003014,11
Kamloops-ES,1962,0,0,0.037568,0.002981,0.040549,0.004197,11
Kamloops-ES,1963,0,0.000018,0.00909,0.000265,0.009355,0.002693,11
Kamloops-ES,1964,0,0.000081,0.040283,0.008228,0.048511,0.002666,11
Kamloops-ES,1965,0,0.000073,0.018867,0.001686,0.020553,0.002669,11
Kamloops-ES,1966,0,0.00032,0.020483,0.002736,0.023219,0.002666,11
Kamloops-ES,1967,0,0.000037,0.008226,0.001395,0.009621,0.000358,11
Kamloops-ES,1968,0,0.000098,0.100888,0.005411,0.106299,0.003455,11
Kamloops-ES,1969,0,0.000381,0.010279,0.00371,0.013989,0.002577,11
Kamloops-ES,1970,0,0.000037,0.0083,0.000523,0.008823,0.001205,11
Kamloops-ES,1971,0,0.000033,0.00957,0.002116,0.011686,0.000223,11
Kamloops-ES,1972,0,0.000087,0.056973,0.000761,0.057734,0.004507,11
Kamloops-ES,1973,0,0.000022,0.001616,0.007723,0.009339,0.001345,11
Kamloops-ES,1974,0,0.000206,0.011541,0.000476,0.012017,0.001479,11
Kamloops-ES,1975,0,0.000007,0.005632,0.000797,0.006429,0.001391,11
Kamloops-ES,1976,0,0.000056,0.018539,0.001331,0.01987,0.003976,11
Kamloops-ES,1977,0,0,0.002728,0.003189,0.005917,0.000198,11
Kamloops-ES,1978,0,0.000253,0.011888,0.006562,0.01845,0.001343,11
Kamloops-ES,1979,0,0,0.001183,0.001856,0.003039,0.000693,11
Kamloops-ES,1980,0,0.000112,0.047827,0.003784,0.051611,0.002056,11
Kamloops-ES,1981,0,0.000029,0.007366,0.001244,0.00861,0.000312,11
Kamloops-ES,1982,0,0,0.002509,0.001233,0.003742,0.001533,11
Kamloops-ES,1983,0,0.000038,0.002855,0.001196,0.004051,0.001821,11
Kamloops-ES,1984,0,0.000325,0.032692,0.014038,0.04673,0.006701,11
Kamloops-ES,1985,0,0.000007,0.00283,0.001591,0.004421,0.001922,11
Kamloops-ES,1986,0,0,0.002902,0.000111,0.003013,0.00108,11
Kamloops-ES,1987,0,0,0.001399,0.002421,0.00382,0.000723,11
Kamloops-ES,1988,0,0,0.041783,0.008304,0.050087,0.009207,11
Kamloops-ES,1989,0,0.000007,0.007357,0.003935,0.011292,0.000925,11
Kamloops-ES,1990,0,0,0.00161,0.000934,0.002544,0.000412,11
Kamloops-ES,1991,0,0,0.000908,0.000553,0.001461,0.000264,11
Kamloops-ES,1992,0,0.000006,0.065321,0.002024,0.067345,0.004112,11
Kamloops-ES,1993,0,0.000024,0.022386,0.010727,0.033113,0.002934,11
Kamloops-ES,1994,0,0,0.004738,0.022745,0.027483,0.0008,11
Kamloops-ES,1995,0,0.000041,0.022745,0.004484,0.027229,0.000682,11
Kamloops-ES,1996,0,0,0.089315,0.022684,0.111999,0.021381,11
Kamloops-ES,1997,0,0,0.025983,0.025281,0.051264,0.002367,11
Kamloops-ES,1998,0,0.000008,0.004905,0.011325,0.01623,0.003585,11
Kamloops-ES,1999,0,0.000092,0.026426,0.034631,0.061057,0.003499,11
Kamloops-ES,2000,0,0.000053,0.107671,0.007672,0.115343,0.027668,11
Kamloops-ES,2001,0,0,0.079275,0.016425,0.0957,0.016025,11
Kamloops-ES,2002,0,0.000045,0.021369,0.021419,0.042788,0.008402,11
Kamloops-ES,2003,0,0,0.002439,0.00593,0.008369,0.00489,11
Kamloops-ES,2004,0,0.000004,0.039136,0.008951,0.048087,0.003244,11
Kamloops-ES,2005,0,0,0.006515,0.002454,0.008969,0.016967,11
Kamloops-ES,2006,0,0,0.007182,0.009666,0.016848,0.003442,11
Kamloops-ES,2007,0,0,0.006266,NA,NA,0.008064,11
Kamloops-ES,2008,NA,NA,NA,NA,NA,0.003562,11
Kamloops-ES,2009,NA,NA,NA,NA,NA,0.006039,11
Kamloops-ES,2010,NA,NA,NA,NA,NA,0.002389,11
Kamloops-ES,2011,NA,NA,NA,NA,NA,0.00443,11
Kamloops-ES,2012,NA,NA,NA,NA,NA,0.00171,11
Kamloops-ES,2013,NA,NA,NA,NA,NA,0.009045,11
Quesnel-S,1948,0,0,0.000618,0,0.000618,0.000048,16
Quesnel-S,1949,0,0.022455,0.463409,0,0.463409,0.01921,16
Quesnel-S,1950,0,0.000034,0.002014,0,0.002014,0.000264,16
Quesnel-S,1951,0,0,0.000413,0,0.000413,0.000009,16
Quesnel-S,1952,0,0,0.000562,0,0.000562,0.000051,16
Quesnel-S,1953,0,0.005902,0.604123,0.00022,0.604343,0.047564,16
Quesnel-S,1954,0,0,0.010692,0,0.010692,0.000146,16
Quesnel-S,1955,0,0,0.00018,0,0.00018,0.00003,16
Quesnel-S,1956,0,0.000018,0.001115,0,0.001115,0.000039,16
Quesnel-S,1957,0,0.008359,0.98958,0.000144,0.989724,0.132852,16
Quesnel-S,1958,0,0.000027,0.003362,0.000023,0.003385,0.001269,16
Quesnel-S,1959,0,0,0.000165,0,0.000165,0.000029,16
Quesnel-S,1960,0,0.000006,0.001469,0,0.001469,0.000123,16
Quesnel-S,1961,0,0.044481,1.195807,0.000509,1.196316,0.07,16
Quesnel-S,1962,0,0.00003,0.007257,0,0.007257,0.000566,16
Quesnel-S,1963,0,0,0.000956,0,0.000956,0.00004,16
Quesnel-S,1964,0,0,0.002812,0,0.002812,0.000159,16
Quesnel-S,1965,0,0.014161,1.652107,0.000821,1.652928,0.105393,16
Quesnel-S,1966,0,0.000028,0.007038,0.000396,0.007434,0.00104,16
Quesnel-S,1967,0,0.000011,0.00175,0,0.00175,0.000024,16
Quesnel-S,1968,0,0,0.000428,0,0.000428,0.000333,16
Quesnel-S,1969,0,0.006413,1.626582,0.007768,1.63435,0.076565,16
Quesnel-S,1970,0,0,0.020339,0,0.020339,0.000388,16
Quesnel-S,1971,0,0,0.000747,0,0.000747,0.000016,16
Quesnel-S,1972,0,0.000009,0.000856,0,0.000856,0.000046,16
Quesnel-S,1973,0,0.005114,2.326864,0.003929,2.330793,0.112414,16
Quesnel-S,1974,0,0.000021,0.029304,0.00157,0.030874,0.002587,16
Quesnel-S,1975,0,0,0.001865,0,0.001865,0.000105,16
Quesnel-S,1976,0,0,0.001233,0,0.001233,0.000209,16
Quesnel-S,1977,0,0.008446,3.810786,0.054029,3.864815,0.160717,16
Quesnel-S,1978,0,0.000142,0.186073,0.010473,0.196546,0.004349,16
Quesnel-S,1979,0,0,0.002103,0.003908,0.006011,0.000238,16
Quesnel-S,1980,0,0,0.002446,0,0.002446,0.000098,16
Quesnel-S,1981,0,0.019608,9.553856,0.213188,9.767044,0.33229,16
Quesnel-S,1982,0,0,0.499074,0.056312,0.555386,0.020054,16
Quesnel-S,1983,0,0.000033,0.031515,0.008864,0.040379,0.001098,16
Quesnel-S,1984,0,0.000085,0.006868,0,0.006868,0.000551,16
Quesnel-S,1985,0,0.028135,12.137664,0.334171,12.471835,0.692799,16
Quesnel-S,1986,0,0.000041,2.364628,0.168115,2.532743,0.094792,16
Quesnel-S,1987,0,0.000011,0.119437,0.057144,0.176581,0.011238,16
Quesnel-S,1988,0,0,0.026342,0,0.026342,0.004185,16
Quesnel-S,1989,0,0.010417,10.339444,0.280053,10.619497,0.942522,16
Quesnel-S,1990,0,0.000585,2.946813,0.336236,3.283049,0.259553,16
Quesnel-S,1991,0,0.000026,0.100196,0.050671,0.150867,0.024861,16
Quesnel-S,1992,0,0.000001,0.029213,0,0.029213,0.003046,16
Quesnel-S,1993,0,0.001642,6.446036,0.398551,6.844587,1.50735,16
Quesnel-S,1994,0,0.000248,2.263471,0.212902,2.476373,0.356251,16
Quesnel-S,1995,0,0,0.119078,0.048228,0.167306,0.116867,16
Quesnel-S,1996,0,0,0.067906,0.019609,0.087515,0.021719,16
Quesnel-S,1997,0,0.000079,4.358762,0.318446,4.677208,0.904914,16
Quesnel-S,1998,0,0.000056,4.467804,0.272015,4.739819,0.534532,16
Quesnel-S,1999,0,0,0.581976,0.22861,0.810586,0.106908,16
Quesnel-S,2000,0,0,0.038143,0.015667,0.05381,0.037163,16
Quesnel-S,2001,0,0.000042,3.576455,0.115416,3.691871,1.740454,16
Quesnel-S,2002,0,0.000038,0.603583,0.036207,0.63979,1.312599235,16
Quesnel-S,2003,0,0,0.082424,0.060604,0.143028,0.148333,16
Quesnel-S,2004,0,0,0.006545,0.005965,0.01251,0.006629,16
Quesnel-S,2005,0,0,0.197358,0.008049,0.205407,0.777707359,16
Quesnel-S,2006,0,5.58E-05,0.600465,0.047992,0.648457,0.090418,16
Quesnel-S,2007,0,0.000021,0.073169,NA,NA,0.033776,16
Quesnel-S,2008,NA,NA,NA,NA,NA,0.002473,16
Quesnel-S,2009,NA,NA,NA,NA,NA,0.082781,16
Quesnel-S,2010,NA,NA,NA,NA,NA,0.133021,16
Quesnel-S,2011,NA,NA,NA,NA,NA,0.016952,16
Quesnel-S,2012,NA,NA,NA,NA,NA,0.000097,16
Quesnel-S,2013,NA,NA,NA,NA,NA,0.096075,16
Chilko-S/Chilko-ES,1948,0,0.032,1.643062,0.011182,1.654244,0.364597,3
Chilko-S/Chilko-ES,1949,0,0.003732,0.560635,0.010368,0.571003,0.033029,3
Chilko-S/Chilko-ES,1950,0,0.001489,0.183278,0.004705,0.187983,0.006555,3
Chilko-S/Chilko-ES,1951,0,0.003925,0.644911,0.020763,0.665674,0.057563,3
Chilko-S/Chilko-ES,1952,0,0.018732,1.763929,0.035975,1.799904,0.233628,3
Chilko-S/Chilko-ES,1953,0,0.001172,0.514554,0.014004,0.528558,0.094471,3
Chilko-S/Chilko-ES,1954,0,0.012234,0.632132,0.004415,0.636547,0.021247,3
Chilko-S/Chilko-ES,1955,0,0.032418,1.407963,0.031011,1.438974,0.075834,3
Chilko-S/Chilko-ES,1956,0,0.013905,2.379854,0.016684,2.396538,0.368607,3
Chilko-S/Chilko-ES,1957,0,0.000076,0.117362,0.003149,0.120511,0.083128,3
Chilko-S/Chilko-ES,1958,0,0.004055,0.27832,0.013613,0.291933,0.070433,3
Chilko-S/Chilko-ES,1959,0,0.023792,2.080497,0.018659,2.099156,0.272891,3
Chilko-S/Chilko-ES,1960,0,0.005472,0.958877,0.00598,0.964857,0.244864,3
Chilko-S/Chilko-ES,1961,0,0.000256,0.052713,0.011583,0.064296,0.015038,3
Chilko-S/Chilko-ES,1962,0,0.010657,0.960609,0.013582,0.974191,0.042125,3
Chilko-S/Chilko-ES,1963,0,0.037579,1.112861,0.004045,1.116906,0.057207,3
Chilko-S/Chilko-ES,1964,0,0.007252,1.818921,0.05581,1.874731,0.13159,3
Chilko-S/Chilko-ES,1965,0,0.001787,0.138555,0.00236,0.140915,0.020813,3
Chilko-S/Chilko-ES,1966,0,0.026456,0.744469,0.027636,0.772105,0.107541,3
Chilko-S/Chilko-ES,1967,0,0.028734,1.933329,0.023351,1.95668,0.090006,3
Chilko-S/Chilko-ES,1968,0,0.046952,2.349375,0.021925,2.3713,0.181912,3
Chilko-S/Chilko-ES,1969,0,0.004126,0.369954,0.015839,0.385793,0.025519,3
Chilko-S/Chilko-ES,1970,0,0.016775,0.630046,0.001084,0.63113,0.050923,3
Chilko-S/Chilko-ES,1971,0,0.058786,0.740253,0,0.740253,0.097365,3
Chilko-S/Chilko-ES,1972,0,0.042709,1.947465,0.034424,1.981889,0.332353,3
Chilko-S/Chilko-ES,1973,0,0.008835,0.200775,0.006807,0.207582,0.030231,3
Chilko-S/Chilko-ES,1974,0,0.026487,0.641497,0.004312,0.645809,0.071127,3
Chilko-S/Chilko-ES,1975,0,0.022821,1.389008,0.007375,1.396383,0.133782,3
Chilko-S/Chilko-ES,1976,0,0.008457,1.650944,0.025168,1.676112,0.228326,3
Chilko-S/Chilko-ES,1977,0,0.003346,0.190527,0.002743,0.19327,0.020385,3
Chilko-S/Chilko-ES,1978,0,0.008616,1.169034,0.077743,1.246777,0.08557,3
Chilko-S/Chilko-ES,1979,0,0.009358,1.615466,0.072206,1.687672,0.14792,3
Chilko-S/Chilko-ES,1980,0,0.012504,3.920494,0.473961,4.394455,0.293234,3
Chilko-S/Chilko-ES,1981,0,0.001722,0.180656,0.004547,0.185203,0.020164,3
Chilko-S/Chilko-ES,1982,0,0.052424,1.355953,0.131741,1.487694,0.142515,3
Chilko-S/Chilko-ES,1983,0,0.045476,1.71733,0.036418,1.753748,0.213715,3
Chilko-S/Chilko-ES,1984,0,0.011108,0.500714,0.00289,0.503604,0.283152,3
Chilko-S/Chilko-ES,1985,0,0.00097,0.366037,0.1844,0.550437,0.034979,3
Chilko-S/Chilko-ES,1986,0,0.047835,4.413216,0.279555,4.692771,0.165504,3
Chilko-S/Chilko-ES,1987,0,0.011552,4.032356,0.316979,4.349335,0.268111,3
Chilko-S/Chilko-ES,1988,0,0.002697,2.979547,0.157913,3.13746,0.206206,3
Chilko-S/Chilko-ES,1989,0,0.011841,3.015024,0.086942,3.101966,0.042811,3
Chilko-S/Chilko-ES,1990,0,0.013262,2.412516,0.178745,2.591261,0.497991,3
Chilko-S/Chilko-ES,1991,0,0.004495,1.126703,0.128342,1.255045,0.597537,3
Chilko-S/Chilko-ES,1992,0,0.003754,1.773513,0.078754,1.852267,0.319959,3
Chilko-S/Chilko-ES,1993,0,0.018173,3.380892,0.548667,3.929559,0.322298,3
Chilko-S/Chilko-ES,1994,0,0.010606,1.331935,0.072717,1.404652,0.253976,3
Chilko-S/Chilko-ES,1995,0,0.002778,1.045307,0.179013,1.22432,0.298027,3
Chilko-S/Chilko-ES,1996,0,0.000359,1.175834,0.159331,1.335165,0.504469,3
Chilko-S/Chilko-ES,1997,0,0.000222,0.663879,0.204615,0.868494,0.509298,3
Chilko-S/Chilko-ES,1998,0,0.001084,0.423716,0.073801,0.497517,0.467624,3
Chilko-S/Chilko-ES,1999,0,0.002228,1.44998,0.109275,1.559255,0.432565,3
Chilko-S/Chilko-ES,2000,0,0.003918,0.42496,0.027152,0.452112,0.395559,3
Chilko-S/Chilko-ES,2001,0,0.000176,1.001606,0.089122,1.090728,0.331244,3
Chilko-S/Chilko-ES,2002,0,0.004514,1.119367,0.106118,1.225485,0.21505,3
Chilko-S/Chilko-ES,2003,0,0.000557,0.321849,0.029357,0.351206,0.334896,3
Chilko-S/Chilko-ES,2004,0,0.000854,0.388845,0.033332,0.422177,0.049193,3
Chilko-S/Chilko-ES,2005,0,0.00072,0.262807,0.038008,0.300815,0.285065,3
Chilko-S/Chilko-ES,2006,0,0.004234551,4.459629,0.338784,4.798413,0.261918,3
Chilko-S/Chilko-ES,2007,0,0.002369218,1.054561,NA,NA,0.156518,3
Chilko-S/Chilko-ES,2008,NA,NA,NA,NA,NA,0.068731,3
Chilko-S/Chilko-ES,2009,NA,NA,NA,NA,NA,0.127367,3
Chilko-S/Chilko-ES,2010,NA,NA,NA,NA,NA,1.18154,3
Chilko-S/Chilko-ES,2011,NA,NA,NA,NA,NA,0.457653,3
Chilko-S/Chilko-ES,2012,NA,NA,NA,NA,NA,0.090758,3
Chilko-S/Chilko-ES,2013,NA,NA,NA,NA,NA,0.624495,3
Seymour-merge with Scotch,1948,0,0,0.029658,0,0.029658,0.00128,19
Seymour-merge with Scotch,1949,0,0.000733,0.025617,0,0.025617,0.003476,19
Seymour-merge with Scotch,1950,0,0.000909,0.161081,0,0.161081,0.004697,19
Seymour-merge with Scotch,1951,0,0.000125,0.067964,0.000731,0.068695,0.011504,19
Seymour-merge with Scotch,1952,0,0.000093,0.011156,0,0.011156,0.00278,19
Seymour-merge with Scotch,1953,0,0.00015,0.04487,0,0.04487,0.002907,19
Seymour-merge with Scotch,1954,0,0.023882,0.428958,0.003444,0.432402,0.012463,19
Seymour-merge with Scotch,1955,0,0.000372,0.308775,0.00055,0.309325,0.005178,19
Seymour-merge with Scotch,1956,0,0.000026,0.010971,0.001766,0.012737,0.001102,19
Seymour-merge with Scotch,1957,0,0.000262,0.011959,0,0.011959,0.007106,19
Seymour-merge with Scotch,1958,0,0.006184,0.188824,0.00051,0.189334,0.044285,19
Seymour-merge with Scotch,1959,0,0.000409,0.175192,0.000368,0.17556,0.025473,19
Seymour-merge with Scotch,1960,0,0.000051,0.008697,0,0.008697,0.001862,19
Seymour-merge with Scotch,1961,0,0.000055,0.025649,0,0.025649,0.001957,19
Seymour-merge with Scotch,1962,0,0.002939,0.169778,0.000572,0.17035,0.027411,19
Seymour-merge with Scotch,1963,0,0.000147,0.112265,0.001674,0.113939,0.026742,19
Seymour-merge with Scotch,1964,0,0,0.017994,0.000504,0.018498,0.001321,19
Seymour-merge with Scotch,1965,0,0.000183,0.034707,0,0.034707,0.00255,19
Seymour-merge with Scotch,1966,0,0.000658,0.139745,0.001425,0.14117,0.012943,19
Seymour-merge with Scotch,1967,0,0.000066,0.216733,0.002954,0.219687,0.007264,19
Seymour-merge with Scotch,1968,0,0,0.021963,0.000145,0.022108,0.002064,19
Seymour-merge with Scotch,1969,0,0.000258,0.014617,0,0.014617,0.003276,19
Seymour-merge with Scotch,1970,0,0.00047,0.223705,0,0.223705,0.003603,19
Seymour-merge with Scotch,1971,0,0.001341,0.132035,0.001934,0.133969,0.009463,19
Seymour-merge with Scotch,1972,0,0.00032,0.056465,0,0.056465,0.001418,19
Seymour-merge with Scotch,1973,0,0.000419,0.024381,0,0.024381,0.00115,19
Seymour-merge with Scotch,1974,0,0.001353,0.247377,0,0.247377,0.025096,19
Seymour-merge with Scotch,1975,0,0.001665,0.175012,0.004007,0.179019,0.015756,19
Seymour-merge with Scotch,1976,0,0.000038,0.018193,0.000191,0.018384,0.004898,19
Seymour-merge with Scotch,1977,0,0.000135,0.053835,0.001444,0.055279,0.002883,19
Seymour-merge with Scotch,1978,0,0.00073,0.256211,0.004984,0.261195,0.030757,19
Seymour-merge with Scotch,1979,0,0.000085,0.092992,0.042223,0.135215,0.024866,19
Seymour-merge with Scotch,1980,0,0.00001,0.045127,0.007711,0.052838,0.004616,19
Seymour-merge with Scotch,1981,0,0,0.026268,0,0.026268,0.005354,19
Seymour-merge with Scotch,1982,0,0.002737,0.492244,0.013474,0.505718,0.027219,19
Seymour-merge with Scotch,1983,0,0.003003,0.261161,0.007562,0.268723,0.014014,19
Seymour-merge with Scotch,1984,0,0.000174,0.035743,0.0001,0.035843,0.009148,19
Seymour-merge with Scotch,1985,0,0.000332,0.032018,0.011226,0.043244,0.002684,19
Seymour-merge with Scotch,1986,0,0.001132,0.811714,0.011322,0.823036,0.057017,19
Seymour-merge with Scotch,1987,0,0.000314,0.416101,0.025805,0.441906,0.04108,19
Seymour-merge with Scotch,1988,0,0,0.009027,0.001816,0.010843,0.007989,19
Seymour-merge with Scotch,1989,0,0.000068,0.018809,0,0.018809,0.002864,19
Seymour-merge with Scotch,1990,0,0.000136,0.272278,0.006413,0.278691,0.108234,19
Seymour-merge with Scotch,1991,0,0,0.08431,0.011139,0.095449,0.060797,19
Seymour-merge with Scotch,1992,0,0,0.015128,0.002778,0.017906,0.003586,19
Seymour-merge with Scotch,1993,0,0,0.006251,0.002465,0.008716,0.00495,19
Seymour-merge with Scotch,1994,0,0,0.169885,0.002662,0.172547,0.019152,19
Seymour-merge with Scotch,1995,0,0.000017,0.064323,0.0017,0.066023,0.023901,19
Seymour-merge with Scotch,1996,0,0,0.032991,0.006479,0.03947,0.00959,19
Seymour-merge with Scotch,1997,0,0,0.001944,0,0.001944,0.000836,19
Seymour-merge with Scotch,1998,0,0.000182,0.210538,0.003684,0.214222,0.014548,19
Seymour-merge with Scotch,1999,0,0.000032,0.105903,0.027996,0.133899,0.010072,19
Seymour-merge with Scotch,2000,0,0,0.058537,0.001026,0.059563,0.01186,19
Seymour-merge with Scotch,2001,0,0,0.014842,0.0042,0.019042,0.003743,19
Seymour-merge with Scotch,2002,0,0.000851,0.497726,0.009077,0.506803,0.055465,19
Seymour-merge with Scotch,2003,0,0,0.011206,0.00087,0.012076,0.018483,19
Seymour-merge with Scotch,2004,0,0,0.006671,0.000247,0.006918,0.000762,19
Seymour-merge with Scotch,2005,0,0,0.007842,0,0.007842,0.002326,19
Seymour-merge with Scotch,2006,0,0.000551,1.070611,0.022111,1.092722,0.057783,19
Seymour-merge with Scotch,2007,0,0,0.01806,NA,NA,0.005905,19
Seymour-merge with Scotch,2008,NA,NA,NA,NA,NA,0.000311,19
Seymour-merge with Scotch,2009,NA,NA,NA,NA,NA,0.003093,19
Seymour-merge with Scotch,2010,NA,NA,NA,NA,NA,0.287496,19
Seymour-merge with Scotch,2011,NA,NA,NA,NA,NA,0.007994,19
Seymour-merge with Scotch,2012,NA,NA,NA,NA,NA,0.000264,19
Seymour-merge with Scotch,2013,NA,NA,NA,NA,NA,0.013883,19
Shuswap-L,1948,0,0,0.022876,0.005454,0.02833,0.008502,18
Shuswap-L,1949,0,0.005415,0.021384,0,0.021384,0.002011,18
Shuswap-L,1950,0,0.594356,9.303676,0.012645,9.316321,0.583072,18
Shuswap-L,1951,0,0.00729,0.519779,0.002251,0.52203,0.082094,18
Shuswap-L,1952,0,0.001481,0.01432,0.002131,0.016451,0.004211,18
Shuswap-L,1953,0,0.001456,0.029571,0,0.029571,0.001623,18
Shuswap-L,1954,0,0.71472,15.095741,0.01206,15.107801,1.06764,18
Shuswap-L,1955,0,0.011116,0.853267,0.000609,0.853876,0.044634,18
Shuswap-L,1956,0,0.000555,0.006961,0.000458,0.007419,0.002103,18
Shuswap-L,1957,0,0.000016,0.002206,0,0.002206,0.001651,18
Shuswap-L,1958,0,0.123575,2.076776,0.004097,2.080873,1.128919,18
Shuswap-L,1959,0,0.007679,0.374501,0.000106,0.374607,0.08927,18
Shuswap-L,1960,0,0.000201,0.002333,0,0.002333,0.001322,18
Shuswap-L,1961,0,0.000204,0.006996,0,0.006996,0.000854,18
Shuswap-L,1962,0,0.090241,2.74025,0.010891,2.751141,0.652104,18
Shuswap-L,1963,0,0.078928,3.047429,0.003663,3.051092,0.080246,18
Shuswap-L,1964,0,0.002346,0.017103,0.000177,0.01728,0.000345,18
Shuswap-L,1965,0,0.000496,0.024312,0,0.024312,0.001332,18
Shuswap-L,1966,0,0.096198,3.914887,0.022138,3.937025,0.661765,18
Shuswap-L,1967,0,0.065955,3.108302,0.008076,3.116378,0.402452,18
Shuswap-L,1968,0,0.000222,0.020709,0.000074,0.020783,0.002713,18
Shuswap-L,1969,0,0.001625,0.027967,0,0.027967,0.003166,18
Shuswap-L,1970,0,0.173639,5.373956,0.002667,5.376623,0.787577,18
Shuswap-L,1971,0,0.021467,0.680311,0.000128,0.680439,0.159119,18
Shuswap-L,1972,0,0.004098,0.038342,0.002065,0.040407,0.002155,18
Shuswap-L,1973,0,0.003817,0.064051,0,0.064051,0.002467,18
Shuswap-L,1974,0,0.14521,6.888446,0.00975,6.898196,0.619143,18
Shuswap-L,1975,0,0.003181,1.022005,0.001078,1.023083,0.08554,18
Shuswap-L,1976,0,0.000578,0.013049,0,0.013049,0.003072,18
Shuswap-L,1977,0,0.00062,0.093025,0,0.093025,0.006027,18
Shuswap-L,1978,0,0.119355,9.358872,0.115757,9.474629,1.014791,18
Shuswap-L,1979,0,0.007343,1.475536,0.015681,1.491217,0.162067,18
Shuswap-L,1980,0,0.001513,0.02135,0.000444,0.021794,0.001817,18
Shuswap-L,1981,0,0.000004,0.009466,0,0.009466,0.00595,18
Shuswap-L,1982,0,0.079877,9.206624,0.105481,9.312105,1.568612,18
Shuswap-L,1983,0,0.017088,1.94757,0.016259,1.963829,0.100257,18
Shuswap-L,1984,0,0.000103,0.032672,0.000399,0.033071,0.002403,18
Shuswap-L,1985,0,0.000061,0.004319,0,0.004319,0.000833,18
Shuswap-L,1986,0,0.067599,10.620066,0.1944,10.814466,1.068368,18
Shuswap-L,1987,0,0.008518,3.84021,0.055204,3.895414,0.319714,18
Shuswap-L,1988,0,0.000001,0.006611,0.001608,0.008219,0.003556,18
Shuswap-L,1989,0,0.000277,0.012858,0,0.012858,0.000385,18
Shuswap-L,1990,0,0.019675,7.602634,0.125559,7.728193,1.74553,18
Shuswap-L,1991,0,0.00077,0.845854,0.019352,0.865206,0.615987,18
Shuswap-L,1992,0,0,0.011466,0.008443,0.019909,0.00664,18
Shuswap-L,1993,0,0.000023,0.015343,0,0.015343,0.000753,18
Shuswap-L,1994,0,0.000634,2.589723,0.017569,2.607292,0.664678,18
Shuswap-L,1995,0,0.000475,0.750905,0.020211,0.771116,0.210742,18
Shuswap-L,1996,0,0,0.03174,0.029362,0.061102,0.005493,18
Shuswap-L,1997,0,0,0.033707,0.000722,0.034429,0.000597,18
Shuswap-L,1998,0,0.020892,7.141837,0.020407,7.162244,0.680552,18
Shuswap-L,1999,0,0.000111,0.67751,0.021292,0.698802,0.138275,18
Shuswap-L,2000,0,0,0.001388,0,0.001388,0.000164,18
Shuswap-L,2001,0,0.000088,0.006455,0.001243,0.007698,0.002138,18
Shuswap-L,2002,0,0.042234,7.387191,0.053848,7.441039,2.844548,18
Shuswap-L,2003,0,0.000012,0.120226,0.012198,0.132424,0.189695,18
Shuswap-L,2004,0,0,0,0.001929,0.001929,0.002234,18
Shuswap-L,2005,0,0,0.032609,0,0.032609,0.011794,18
Shuswap-L,2006,0,0.04547,17.33414,0.15975,17.49389,1.170692,18
Shuswap-L,2007,0,0.000058,0.208777,NA,NA,0.032296,18
Shuswap-L,2008,NA,NA,NA,NA,NA,0.000083,18
Shuswap-L,2009,NA,NA,NA,NA,NA,0.020208,18
Shuswap-L,2010,NA,NA,NA,NA,NA,3.073258,18
Shuswap-L,2011,NA,NA,NA,NA,NA,0.046028,18
Shuswap-L,2012,NA,NA,NA,NA,NA,0.000006,18
Shuswap-L,2013,NA,NA,NA,NA,NA,0.087947,18
Lillooet-Harrison-L,1948,0,0,0.179637,0.012353,0.19199,0.054755,12
Lillooet-Harrison-L,1949,0,0.044548,0.228462,0.008696,0.237158,0.043328,12
Lillooet-Harrison-L,1950,0,0.013166,0.183919,0.03083,0.214749,0.04137,12
Lillooet-Harrison-L,1951,0,0.031161,0.107397,0.066404,0.173801,0.013589,12
Lillooet-Harrison-L,1952,0,0.014902,0.180787,0.033154,0.213941,0.024744,12
Lillooet-Harrison-L,1953,0,0.008205,0.102206,0.016671,0.118877,0.016287,12
Lillooet-Harrison-L,1954,0,0.012671,0.128222,0.017949,0.146171,0.008635,12
Lillooet-Harrison-L,1955,0,0.0351,0.22116,0.007193,0.228353,0.008185,12
Lillooet-Harrison-L,1956,0,0.0205,0.209127,0.042071,0.251198,0.027156,12
Lillooet-Harrison-L,1957,0,0.003587,0.037495,0.00534,0.042835,0.007068,12
Lillooet-Harrison-L,1958,0,0.021115,0.074626,0.011443,0.086069,0.00551,12
Lillooet-Harrison-L,1959,0,0.026205,0.188393,0.036763,0.225156,0.011388,12
Lillooet-Harrison-L,1960,0,0.028566,0.119526,0.010607,0.130133,0.019198,12
Lillooet-Harrison-L,1961,0,0.021891,0.067104,0.017364,0.084468,0.01055,12
Lillooet-Harrison-L,1962,0,0.021342,0.066117,0.008304,0.074421,0.014311,12
Lillooet-Harrison-L,1963,0,0.095525,0.281641,0.048565,0.330206,0.020769,12
Lillooet-Harrison-L,1964,0,0.039236,0.225898,0.085137,0.311035,0.027978,12
Lillooet-Harrison-L,1965,0,0.030602,0.109033,0.01477,0.123803,0.009769,12
Lillooet-Harrison-L,1966,0,0.056603,0.155016,0.061319,0.216335,0.013462,12
Lillooet-Harrison-L,1967,0,0.054257,0.365358,0.045896,0.411254,0.01758,12
Lillooet-Harrison-L,1968,0,0.021213,0.218223,0.035366,0.253589,0.031042,12
Lillooet-Harrison-L,1969,0,0.073972,0.451184,0.239195,0.690379,0.014324,12
Lillooet-Harrison-L,1970,0,0.119108,0.531214,0.030799,0.562013,0.019252,12
Lillooet-Harrison-L,1971,0,0.062316,0.245897,0.046347,0.292244,0.016143,12
Lillooet-Harrison-L,1972,0,0.042841,0.424942,0.046655,0.471597,0.026202,12
Lillooet-Harrison-L,1973,0,0.044117,0.140353,0.024973,0.165326,0.028374,12
Lillooet-Harrison-L,1974,0,0.054695,0.424633,0.207538,0.632171,0.085495,12
Lillooet-Harrison-L,1975,0,0.009335,0.080976,0.018616,0.099592,0.019653,12
Lillooet-Harrison-L,1976,0,0.029279,0.479356,0.084392,0.563748,0.050023,12
Lillooet-Harrison-L,1977,0,0.01558,0.28702,0.098126,0.385146,0.012799,12
Lillooet-Harrison-L,1978,0,0.042233,0.493542,0.117215,0.610757,0.048158,12
Lillooet-Harrison-L,1979,0,0.013881,0.273583,0.121177,0.39476,0.035168,12
Lillooet-Harrison-L,1980,0,0.010131,0.115564,0.036212,0.151776,0.032786,12
Lillooet-Harrison-L,1981,0,0.00455,0.105179,0.15643,0.261609,0.027175,12
Lillooet-Harrison-L,1982,0,0.048333,1.471487,0.281339,1.752826,0.072353,12
Lillooet-Harrison-L,1983,0,0.015268,0.625519,0.149561,0.77508,0.021069,12
Lillooet-Harrison-L,1984,0,0.005918,0.347631,0.086729,0.43436,0.023226,12
Lillooet-Harrison-L,1985,0,0.012226,0.123208,0.093098,0.216306,0.005757,12
Lillooet-Harrison-L,1986,0,0.024019,0.869228,0.315301,1.184529,0.197841,12
Lillooet-Harrison-L,1987,0,0.005671,0.6983,0.279598,0.977898,0.089492,12
Lillooet-Harrison-L,1988,0,0.029507,0.200724,0.664723,0.865447,0.075537,12
Lillooet-Harrison-L,1989,0,0.036435,0.935181,0.173958,1.109139,0.01569,12
Lillooet-Harrison-L,1990,0,0.010179,0.200407,0.024968,0.225375,0.097108,12
Lillooet-Harrison-L,1991,0,0.000244,0.05527,0.061746,0.117016,0.152077,12
Lillooet-Harrison-L,1992,0,0.003522,0.047661,0.046563,0.094224,0.093445,12
Lillooet-Harrison-L,1993,0,0.008716,0.180208,0.380162,0.56037,0.151089,12
Lillooet-Harrison-L,1994,0,0.001028,0.021899,0.040686,0.062585,0.022315,12
Lillooet-Harrison-L,1995,0,0.000486,0.141021,0.028997,0.170018,0.018407,12
Lillooet-Harrison-L,1996,0,0.000723,0.034094,0.041519,0.075613,0.027824,12
Lillooet-Harrison-L,1997,0,0,0.018165,0.0102,0.028365,0.023274,12
Lillooet-Harrison-L,1998,0,0.000277,0.213323,0.403021,0.616344,0.172997,12
Lillooet-Harrison-L,1999,0,0,0.047311,0.036027,0.083338,0.02622,12
Lillooet-Harrison-L,2000,0,0.000652,0.06371,0.037603,0.101313,0.008333,12
Lillooet-Harrison-L,2001,0,0.000056,0.110415,0.081203,0.191618,0.028361,12
Lillooet-Harrison-L,2002,0,0.000898,0.502582,0.129934,0.632516,0.107481,12
Lillooet-Harrison-L,2003,0,0.00008,0.006064,0.00701,0.013074,0.152657,12
Lillooet-Harrison-L,2004,0,0.000047,0.046487,0.03011,0.076597,0.017516,12
Lillooet-Harrison-L,2005,0,0.000361,0.033292,0.05128,0.084572,0.027117,12
Lillooet-Harrison-L,2006,NA,0.000179,0.257768,0.178259,0.436027,0.137365,12
Lillooet-Harrison-L,2007,NA,0.00018,0.188828,NA,NA,0.05429,12
Lillooet-Harrison-L,2008,NA,NA,NA,NA,NA,0.006788,12
Lillooet-Harrison-L,2009,NA,NA,NA,NA,NA,0.034475,12
Lillooet-Harrison-L,2010,NA,NA,NA,NA,NA,0.067762,12
Lillooet-Harrison-L,2011,NA,NA,NA,NA,NA,0.09242,12
Lillooet-Harrison-L,2012,NA,NA,NA,NA,NA,0.002505,12
Lillooet-Harrison-L,2013,NA,NA,NA,NA,NA,0.046794,12
Cultus-L,1948,0,0,0.03782,0.001256,0.039076,NA,6
Cultus-L,1949,0,0.001662,0.037489,0,0.037489,NA,6
Cultus-L,1950,0,0.003623,0.101664,0,0.101664,NA,6
Cultus-L,1951,0,0.003498,0.166043,0.004527,0.17057,NA,6
Cultus-L,1952,0,0.000159,0.032999,0.011266,0.044265,NA,6
Cultus-L,1953,0,0.000497,0.062317,0.000855,0.063172,NA,6
Cultus-L,1954,0,0.001631,0.061631,0.001933,0.063564,NA,6
Cultus-L,1955,0,0.00161,0.27449,0.001184,0.275674,NA,6
Cultus-L,1956,0,0.001273,0.035165,0.001067,0.036232,NA,6
Cultus-L,1957,0,0.000095,0.026724,0.001264,0.027988,NA,6
Cultus-L,1958,0,0.003547,0.046269,0.001097,0.047366,NA,6
Cultus-L,1959,0,0.000114,0.050631,0.001449,0.05208,NA,6
Cultus-L,1960,0,0.000483,0.022606,0.000414,0.02302,NA,6
Cultus-L,1961,0,0.000194,0.005954,0,0.005954,NA,6
Cultus-L,1962,0,0.000524,0.035483,0,0.035483,NA,6
Cultus-L,1963,0,0.003825,0.131466,0.003157,0.134623,NA,6
Cultus-L,1964,0,0.001357,0.067696,0.00155,0.069246,NA,6
Cultus-L,1965,0,0.00138,0.019606,0,0.019606,NA,6
Cultus-L,1966,0,0.004551,0.040079,0.000435,0.040514,NA,6
Cultus-L,1967,0,0.007716,0.096671,0.006114,0.102785,NA,6
Cultus-L,1968,0,0.000036,0.042418,0,0.042418,NA,6
Cultus-L,1969,0,0.001446,0.005031,0,0.005031,NA,6
Cultus-L,1970,0,0.00091,0.044797,0.00015,0.044947,NA,6
Cultus-L,1971,0,0.002673,0.047715,0.000313,0.048028,NA,6
Cultus-L,1972,0,0.000337,0.03002,0.000003,0.030023,NA,6
Cultus-L,1973,0,0.000044,0.00048,0.000189,0.000669,NA,6
Cultus-L,1974,0,0.000636,0.027251,0.002406,0.029657,NA,6
Cultus-L,1975,0,0.006742,0.12224,0.000267,0.122507,NA,6
Cultus-L,1976,0,0.000014,0.006109,0,0.006109,NA,6
Cultus-L,1977,0,0.000114,0.001457,0,0.001457,NA,6
Cultus-L,1978,0,0.004837,0.069111,0,0.069111,NA,6
Cultus-L,1979,0,0.001662,0.106617,0.001627,0.108244,NA,6
Cultus-L,1980,0,0.000186,0.004639,0,0.004639,NA,6
Cultus-L,1981,0,0.000579,0.000965,0,0.000965,NA,6
Cultus-L,1982,0,0.000883,0.012419,0.005529,0.017948,NA,6
Cultus-L,1983,0,0.000423,0.095192,0.000711,0.095903,NA,6
Cultus-L,1984,0,0.000215,0.009074,0.000032,0.009106,NA,6
Cultus-L,1985,0,0.000329,0.00198,0.000122,0.002102,NA,6
Cultus-L,1986,0,0.00021,0.010278,0,0.010278,NA,6
Cultus-L,1987,0,0.000019,0.064919,0.000917,0.065836,NA,6
Cultus-L,1988,0,0.000099,0.006584,0.001142,0.007726,NA,6
Cultus-L,1989,0,0.000004,0.009729,0.001012,0.010741,NA,6
Cultus-L,1990,0,0.000236,0.022231,0.002336,0.024567,NA,6
Cultus-L,1991,0,0.000023,0.016737,0.000618,0.017355,NA,6
Cultus-L,1992,0,0.000071,0.001813,0,0.001813,NA,6
Cultus-L,1993,0,0.000011,0.000934,0,0.000934,NA,6
Cultus-L,1994,0,0.000007,0.002299,0.000142,0.002441,NA,6
Cultus-L,1995,0,0.00024,0.014024,0.000512,0.014536,NA,6
Cultus-L,1996,0,0.000012,0.001503,0,0.001503,NA,6
Cultus-L,1997,0,0,0.000699,0.000018,0.000717,NA,6
Cultus-L,1998,0,0.00016,0.005947,0.000078,0.006025,NA,6
Cultus-L,1999,0,0.000009,0.002807,0.000036,0.002843,NA,6
Cultus-L,2000,0,0.000001,0.000072,0.000008,0.00008,NA,6
Cultus-L,2001,0,0,0.000212,0,0.000212,NA,6
Cultus-L,2002,0,0.000182,0.005003,0.000107,0.00511,NA,6
Cultus-L,2003,0,0.000012,0.000716,0,0.000716,NA,6
Cultus-L,2004,0,0.000111,0.001172,3.45E-05,0.001206458,NA,6
Cultus-L,2005,0,0.00002,0.000899739,0,0.000899739,NA,6
Cultus-L,2006,0,0.000834,0.02022683,0.00024711,0.02047394,NA,6
Cultus-L,2007,0,0.000643,0.012273153,NA,NA,NA,6
Cultus-L,2008,NA,NA,NA,NA,NA,NA,6
Cultus-L,2009,NA,NA,NA,NA,NA,NA,6
Cultus-L,2010,NA,NA,NA,NA,NA,NA,6
Cultus-L,2011,NA,NA,NA,NA,NA,NA,6
Cultus-L,2012,NA,NA,NA,NA,NA,NA,6
Cultus-L,2013,NA,NA,NA,NA,NA,NA,6
Seton-L,1953,0,0,0.000394,0,0.000394,0.000024,17
Seton-L,1954,0,0.001898,0.035946,0,0.035946,0.001729,17
Seton-L,1955,0,0.000016,0.004376,0,0.004376,0.00002,17
Seton-L,1956,NA,NA,NA,NA,NA,NA,17
Seton-L,1957,0,0,0.000047,0,0.000047,0.00002,17
Seton-L,1958,0,0.000895,0.024738,0.000012,0.02475,0.002749,17
Seton-L,1959,0,0.000134,0.005431,0,0.005431,0.000286,17
Seton-L,1960,0,0,0.000021,0,0.000021,NA,17
Seton-L,1961,0,0.000002,0.002721,0,0.002721,0.000012,17
Seton-L,1962,0,0.001878,0.070118,0.000184,0.070302,0.006326,17
Seton-L,1963,0,0.002207,0.056214,0.000016,0.05623,0.001116,17
Seton-L,1964,0,0.000042,0.000571,0,0.000571,0.000005,17
Seton-L,1965,0,0.000155,0.003308,0,0.003308,0.000589,17
Seton-L,1966,0,0.000332,0.030704,0.000303,0.031007,0.015201,17
Seton-L,1967,0,0.000167,0.004005,0.000114,0.004119,0.001983,17
Seton-L,1968,0,0,0.001046,0,0.001046,0.00005,17
Seton-L,1969,0,0.003839,0.030743,0,0.030743,0.000491,17
Seton-L,1970,0,0.001317,0.056751,0,0.056751,0.002139,17
Seton-L,1971,0,0.00205,0.015812,0,0.015812,0.000155,17
Seton-L,1972,0,0.002127,0.013156,0,0.013156,0.000098,17
Seton-L,1973,0,0.010591,0.080696,0,0.080696,0.001688,17
Seton-L,1974,0,0.001645,0.040703,0.000263,0.040966,0.004843,17
Seton-L,1975,0,0.00081,0.014691,0.000235,0.014926,0.001631,17
Seton-L,1976,0,0.000118,0.007097,0,0.007097,0.000753,17
Seton-L,1977,0,0.000768,0.03806,0.001161,0.039221,0.003923,17
Seton-L,1978,0,0.001315,0.099561,0.004769,0.10433,0.003963,17
Seton-L,1979,0,0.000233,0.051559,0.000597,0.052156,0.002023,17
Seton-L,1980,0,0.000675,0.011292,0.000184,0.011476,0.000996,17
Seton-L,1981,0,0.000154,0.015829,0.000676,0.016505,0.002951,17
Seton-L,1982,0,0.001276,0.198075,0.011246,0.209321,0.011734,17
Seton-L,1983,0,0.000432,0.036858,0,0.036858,0.004909,17
Seton-L,1984,0,0.000517,0.024388,0.025188,0.049576,0.000941,17
Seton-L,1985,0,0.001174,0.023668,0.000329,0.023997,0.00096,17
Seton-L,1986,0,0.000255,0.067751,0.003588,0.071339,0.006213,17
Seton-L,1987,0,0.000292,0.060858,0.001015,0.061873,0.003766,17
Seton-L,1988,0,0.000394,0.015654,0.00504,0.020694,0.000784,17
Seton-L,1989,0,0.000178,0.185837,0.009777,0.195614,0.005067,17
Seton-L,1990,0,0,0.050136,0.000834,0.05097,0.008415,17
Seton-L,1991,0,0,0.015705,0.000124,0.015829,0.007292,17
Seton-L,1992,0,0.001049,0.013925,0.002162,0.016087,0.001378,17
Seton-L,1993,0,0.000007,0.169441,0.004361,0.173802,0.009829,17
Seton-L,1994,0,0.000023,0.124712,0.002935,0.127647,0.00389,17
Seton-L,1995,0,0.000043,0.037059,0.000918,0.037977,0.004319,17
Seton-L,1996,0,0.000234,0.08337,0.001817,0.085187,0.001759,17
Seton-L,1997,0,0,0.040148,0.001033,0.041181,0.005056,17
Seton-L,1998,0,0.000009,0.017568,0.00011,0.017678,0.011873,17
Seton-L,1999,0,0.000012,0.008262,0.000689,0.008951,0.002079,17
Seton-L,2000,0,0.000086,0.012743,0,0.012743,0.000671,17
Seton-L,2001,0,0.000025,0.018585,0,0.018585,0.001851,17
Seton-L,2002,0,0.000008,0.048183,0,0.048183,0.008001,17
Seton-L,2003,0,0,0.004835,0,0.004835,0.003179,17
Seton-L,2004,0,0,0.005627,6.10E-05,0.005688,0.000778,17
Seton-L,2005,0,0,0.002512,0,0.002512,0.008261,17
Seton-L,2006,0,0.00005,0.171209,0.001234,0.172443,0.010971,17
Seton-L,2007,0,0,0.002666,NA,NA,0.000849,17
Seton-L,2008,NA,NA,NA,NA,NA,0.000063,17
Seton-L,2009,NA,NA,NA,NA,NA,0.000792,17
Seton-L,2010,NA,NA,NA,NA,NA,0.026687,17
Seton-L,2011,NA,NA,NA,NA,NA,0.00033,17
Seton-L,2012,NA,NA,NA,NA,NA,0.000013,17
Seton-L,2013,NA,NA,NA,NA,NA,0.004181,17
Harrison (U/S)-L,1966,0,0.00066,0.073515,0.001939,0.075454,0.00986,10
Harrison (U/S)-L,1967,0,0.001764,0.077288,0.008421,0.085709,0.010618,10
Harrison (U/S)-L,1968,0,0.002976,0.141825,0.010577,0.152402,0.002202,10
Harrison (U/S)-L,1969,0,0.003031,0.371636,0.038246,0.409882,0.030604,10
Harrison (U/S)-L,1970,0,0.007393,0.371993,0.004653,0.376646,0.005003,10
Harrison (U/S)-L,1971,0,0.010694,0.139598,0.002345,0.141943,0.002656,10
Harrison (U/S)-L,1972,0,0.007439,0.331589,0.011114,0.342703,0.015026,10
Harrison (U/S)-L,1973,0,0.004227,0.257812,0.011669,0.269481,0.024885,10
Harrison (U/S)-L,1974,0,0.005905,0.252878,0.026097,0.278975,0.028099,10
Harrison (U/S)-L,1975,0,0.002922,0.165459,0.001479,0.166938,0.016033,10
Harrison (U/S)-L,1976,0,0.009408,0.271322,0.023704,0.295026,0.028243,10
Harrison (U/S)-L,1977,0,0.002995,0.217049,0.015719,0.232768,0.02851,10
Harrison (U/S)-L,1978,0,0.010226,1.184905,0.170418,1.355323,0.042315,10
Harrison (U/S)-L,1979,0,0.001244,0.128249,0.011535,0.139784,0.025702,10
Harrison (U/S)-L,1980,0,0.003167,0.331805,0.029742,0.361547,0.043286,10
Harrison (U/S)-L,1981,0,0.002908,0.206879,0.060505,0.267384,0.022627,10
Harrison (U/S)-L,1982,0,0.009112,1.275213,0.22167,1.496883,0.11503,10
Harrison (U/S)-L,1983,0,0.002374,0.219473,0.018144,0.237617,0.02738,10
Harrison (U/S)-L,1984,0,0.007491,0.575398,0.051913,0.627311,0.030434,10
Harrison (U/S)-L,1985,0,0.001101,0.048781,0.019418,0.068199,0.022773,10
Harrison (U/S)-L,1986,0,0.000045,0.039242,0.003417,0.042659,0.041837,10
Harrison (U/S)-L,1987,0,0.000798,0.192151,0.027769,0.21992,0.030105,10
Harrison (U/S)-L,1988,0,0.003179,0.334751,0.175848,0.510599,0.027428,10
Harrison (U/S)-L,1989,0,0.002243,0.684087,0.070074,0.754161,0.010365,10
Harrison (U/S)-L,1990,0,0.005895,0.60089,0.027875,0.628765,0.008525,10
Harrison (U/S)-L,1991,0,0.00007,0.048888,0.016397,0.065285,0.018487,10
Harrison (U/S)-L,1992,0,0.000684,0.6241,0.128433,0.752533,0.02848,10
Harrison (U/S)-L,1993,0,0.000449,0.38102,0.119185,0.500205,0.034018,10
Harrison (U/S)-L,1994,0,0.000057,0.646785,0.06909,0.715875,0.030208,10
Harrison (U/S)-L,1995,0,0.000114,0.170376,0.095953,0.266329,0.010904,10
Harrison (U/S)-L,1996,0,0.000227,0.350965,0.032221,0.383186,0.026848,10
Harrison (U/S)-L,1997,0,0.00001,0.192696,0.023291,0.215987,0.010724,10
Harrison (U/S)-L,1998,0,0.000176,0.500753,0.065956,0.566709,0.029811,10
Harrison (U/S)-L,1999,0,0.000018,0.182595,0.064316,0.246911,0.013106,10
Harrison (U/S)-L,2000,0,0.000389,0.104221,0.009522,0.113743,0.002732,10
Harrison (U/S)-L,2001,0,0.00005,0.145865,0.050168,0.196033,0.008035,10
Harrison (U/S)-L,2002,0,0.000321,0.227687,0.014822,0.242509,0.036269,10
Harrison (U/S)-L,2003,0,0.000023,0.127468,0.061308,0.188776,0.024683,10
Harrison (U/S)-L,2004,0,0.000092,0.055327,0.055273661,0.110600661,0.013968,10
Harrison (U/S)-L,2005,0,0.000057,0.060179607,0.004453129,0.064632737,0.023597,10
Harrison (U/S)-L,2006,0,0.000417,0.223928794,0.021864418,0.245793213,0.013618,10
Harrison (U/S)-L,2007,0,0.001366,0.319410635,NA,NA,0.015825,10
Harrison (U/S)-L,2008,NA,NA,NA,NA,NA,0.000617,10
Harrison (U/S)-L,2009,NA,NA,NA,NA,NA,0.012871,10
Harrison (U/S)-L,2010,NA,NA,NA,NA,NA,0.025328,10
Harrison (U/S)-L,2011,NA,NA,NA,NA,NA,0.024535,10
Harrison (U/S)-L,2012,NA,NA,NA,NA,NA,0.000397,10
Harrison (U/S)-L,2013,NA,NA,NA,NA,NA,0.015535,10
North Barriere-ES,1967,0,0,0.015201,0,0.015201,0.000294,14
North Barriere-ES,1968,0,0.000014,0.014846,0.000169,0.015015,0.000577,14
North Barriere-ES,1969,0,0,0.000881,0,0.000881,0.000022,14
North Barriere-ES,1970,0,0,0.00074,0,0.00074,0.000005,14
North Barriere-ES,1971,0,0.000263,0.015407,0.000819,0.016226,0.000306,14
North Barriere-ES,1972,0,0.000156,0.028193,0.000205,0.028398,0.00103,14
North Barriere-ES,1973,0,0,0.001106,0,0.001106,0.000083,14
North Barriere-ES,1974,0,0,0.000536,0,0.000536,0.00007,14
North Barriere-ES,1975,0,0.000569,0.058841,0.002143,0.060984,0.002181,14
North Barriere-ES,1976,0,0.000064,0.020252,0.001106,0.021358,0.002373,14
North Barriere-ES,1977,0,0,0.007426,0.001704,0.00913,0.000174,14
North Barriere-ES,1978,0,0.00016,0.00223,0,0.00223,0.000046,14
North Barriere-ES,1979,0,0.000008,0.009084,0.005145,0.014229,0.008046,14
North Barriere-ES,1980,0,0.00006,0.034268,0.001702,0.03597,0.004413,14
North Barriere-ES,1981,0,0,0.002742,0.001205,0.003947,0.001067,14
North Barriere-ES,1982,0,0.000061,0.009104,0.001724,0.010828,0.000656,14
North Barriere-ES,1983,0,0.000124,0.035855,0.002395,0.03825,0.002596,14
North Barriere-ES,1984,0,0.000361,0.042781,0.004283,0.047064,0.006291,14
North Barriere-ES,1985,0,0.000005,0.023647,0.008179,0.031826,0.000696,14
North Barriere-ES,1986,0,0.000115,0.033093,0.001113,0.034206,0.003323,14
North Barriere-ES,1987,0,0.000036,0.065946,0.010502,0.076448,0.009212,14
North Barriere-ES,1988,0,0,0.043984,0.004663,0.048647,0.013209,14
North Barriere-ES,1989,0,0.000104,0.013765,0.005689,0.019454,0.002813,14
North Barriere-ES,1990,0,0,0.014471,0.007886,0.022357,0.006702,14
North Barriere-ES,1991,0,0,0.010613,0.000771,0.011384,0.011945,14
North Barriere-ES,1992,0,0.000009,0.042702,0.007561,0.050263,0.006103,14
North Barriere-ES,1993,0,0.000052,0.028621,0.013201,0.041822,0.00503,14
North Barriere-ES,1994,0,0,0.004865,0.008122,0.012987,0.003515,14
North Barriere-ES,1995,0,0,0.031391,0.005357,0.036748,0.005988,14
North Barriere-ES,1996,0,0,0.009409,0.003534,0.012943,0.015409,14
North Barriere-ES,1997,0,0.000017,0.00367,0.002475,0.006145,0.004379,14
North Barriere-ES,1998,0,0.000025,0.009255,0.00386,0.013115,0.004972,14
North Barriere-ES,1999,0,0,0.030308,0.012588,0.042896,0.003341,14
North Barriere-ES,2000,0,0.000239,0.056019,0.003934,0.059953,0.004796,14
North Barriere-ES,2001,0,0,0.009545,0.002316,0.011861,0.003343,14
North Barriere-ES,2002,0,0.000046,0.066869,0.009039,0.075908,0.004936,14
North Barriere-ES,2003,0,0,0.010416,0.002932,0.013348,0.005317,14
North Barriere-ES,2004,0,0.000006,0.006985,0.00068,0.007665,0.001594,14
North Barriere-ES,2005,0,0,0.000917,0.000627,0.001544,0.002817,14
North Barriere-ES,2006,0,0,0.018952,0.011764,0.030716,0.008278,14
North Barriere-ES,2007,0,0,0.004848,NA,NA,0.0069,14
North Barriere-ES,2008,NA,NA,NA,NA,NA,0.00021,14
North Barriere-ES,2009,NA,NA,NA,NA,NA,0.000715,14
North Barriere-ES,2010,NA,NA,NA,NA,NA,0.005564,14
North Barriere-ES,2011,NA,NA,NA,NA,NA,0.004498,14
North Barriere-ES,2012,NA,NA,NA,NA,NA,0.000747,14
North Barriere-ES,2013,NA,NA,NA,NA,NA,0.001951,14
Scotch (merge with Seymour),1980,0,0,0.001532,0.000001,0.001532,0.000062,19
Scotch (merge with Seymour),1981,0,0.000071,0.025296,0.000001,0.025296,0.006887,19
Scotch (merge with Seymour),1982,0,0.000192,0.1039,0.005475,0.109375,0.002544,19
Scotch (merge with Seymour),1983,0,0,0.002382,0.00025,0.002632,0.000133,19
Scotch (merge with Seymour),1984,0,0.000012,0.002613,0.000001,0.002613,0.000265,19
Scotch (merge with Seymour),1985,0,0.001471,0.042541,0.000001,0.042541,0.001436,19
Scotch (merge with Seymour),1986,0,0,0.250911,0.006148,0.257059,0.011299,19
Scotch (merge with Seymour),1987,0,0.000049,0.020633,0.009762,0.030395,0.001148,19
Scotch (merge with Seymour),1988,0,0,0.00332,0.000001,0.00332,0.000723,19
Scotch (merge with Seymour),1989,0,0.000578,0.01615,0.000001,0.01615,0.003928,19
Scotch (merge with Seymour),1990,0,0.000265,0.311154,0.004738,0.315892,0.034411,19
Scotch (merge with Seymour),1991,0,0.00001,0.022037,0.003644,0.025681,0.004539,19
Scotch (merge with Seymour),1992,0,0.000001,0.002104,0.000349,0.002453,0.001385,19
Scotch (merge with Seymour),1993,0,0.000059,0.011827,0.000001,0.011827,0.003259,19
Scotch (merge with Seymour),1994,0,0.000196,0.181988,0.002267,0.184255,0.026711,19
Scotch (merge with Seymour),1995,0,0.000011,0.01224,0.001925,0.014165,0.00781,19
Scotch (merge with Seymour),1996,0,0,0.003404,0.000744,0.004148,0.002205,19
Scotch (merge with Seymour),1997,0,0.000004,0.002249,0.000001,0.002249,0.001415,19
Scotch (merge with Seymour),1998,0,0.000148,0.191273,0.002269,0.193542,0.017001,19
Scotch (merge with Seymour),1999,0,0,0.015722,0.010701,0.026423,0.002034,19
Scotch (merge with Seymour),2000,0,0.000002,0.040512,0.000698,0.04121,0.001732,19
Scotch (merge with Seymour),2001,0,0,0.017024,0.000001,0.017024,0.001336,19
Scotch (merge with Seymour),2002,0,0.001008,0.675243,0.01581,0.691053,0.050375,19
Scotch (merge with Seymour),2003,0,0,0.001305,0.000376,0.001681,0.002477,19
Scotch (merge with Seymour),2004,0,0.000002,0.003764,0.000148,0.003912,0.000432,19
Scotch (merge with Seymour),2005,0,0,0.005778,0.000001,0.005778,0.002686,19
Scotch (merge with Seymour),2006,0,0.001098,1.012864,0.022204326,1.035068326,0.072735,19
Scotch (merge with Seymour),2007,0,0,0.048667,NA,NA,0.004758,19
Scotch (merge with Seymour),2008,NA,NA,NA,NA,NA,0.000139,19
Scotch (merge with Seymour),2009,NA,NA,NA,NA,NA,0.002665,19
Scotch (merge with Seymour),2010,NA,NA,NA,NA,NA,0.273905,19
Scotch (merge with Seymour),2011,NA,NA,NA,NA,NA,0.012451,19
Scotch (merge with Seymour),2012,NA,NA,NA,NA,NA,0.000678,19
Scotch (merge with Seymour),2013,NA,NA,NA,NA,NA,0.010957,19
Anderson-Seton-ES,1968,0,0.003891,0.078371,0.000403,0.078774,0.003834,1
Anderson-Seton-ES,1969,0,0.001042,0.003556,0.000168,0.003724,0.00036,1
Anderson-Seton-ES,1970,0,0.000258,0.000154,0,0.000154,0.000014,1
Anderson-Seton-ES,1971,0,0.004926,0.007721,0,0.007721,0.000115,1
Anderson-Seton-ES,1972,0,0.00418,0.128111,0.000322,0.128433,0.003128,1
Anderson-Seton-ES,1973,0,0.001344,0.009447,0.003794,0.013241,0.000351,1
Anderson-Seton-ES,1974,0,0.001559,0.001413,0,0.001413,0.000037,1
Anderson-Seton-ES,1975,0,0.003841,0.015888,0,0.015888,0.001246,1
Anderson-Seton-ES,1976,0,0.003009,0.067835,0.00235,0.070185,0.00882,1
Anderson-Seton-ES,1977,0,0.00069,0.017045,0.002975,0.02002,0.001174,1
Anderson-Seton-ES,1978,0,0.000589,0.00086,0.000198,0.001058,0.000129,1
Anderson-Seton-ES,1979,0,0.001866,0.015902,0,0.015902,0.001649,1
Anderson-Seton-ES,1980,0,0.001496,0.076467,0.001381,0.077848,0.011032,1
Anderson-Seton-ES,1981,0,0.000412,0.014267,0.003085,0.017352,0.001907,1
Anderson-Seton-ES,1982,0,0.003361,0.005472,0.000868,0.00634,0.000439,1
Anderson-Seton-ES,1983,0,0.001542,0.026208,0.000348,0.026556,0.003055,1
Anderson-Seton-ES,1984,0,0.00173,0.115017,0.021116,0.136133,0.009148,1
Anderson-Seton-ES,1985,0,0.00634,0.114856,0.010766,0.125622,0.002032,1
Anderson-Seton-ES,1986,0,0.006349,0.02039,0.00061,0.021,0.00188,1
Anderson-Seton-ES,1987,0,0.001683,0.022546,0.003604,0.02615,0.004105,1
Anderson-Seton-ES,1988,0,0.009599,0.305722,0.004031,0.309753,0.017841,1
Anderson-Seton-ES,1989,0,0.005779,0.038792,0.008523,0.047315,0.009795,1
Anderson-Seton-ES,1990,0,0.000826,0.013177,0.001607,0.014784,0.003304,1
Anderson-Seton-ES,1991,0,0.001242,0.018884,0.001559,0.020443,0.004618,1
Anderson-Seton-ES,1992,0,0.011639,0.175651,0.008143,0.183794,0.009224,1
Anderson-Seton-ES,1993,0,0.000557,0.05441,0.012557,0.066967,0.00878,1
Anderson-Seton-ES,1994,0,0.000815,0.021039,0.01251,0.033549,0.001706,1
Anderson-Seton-ES,1995,0,0.00197,0.020949,0.00054,0.021489,0.004533,1
Anderson-Seton-ES,1996,0,0.000413,0.189011,0.008576,0.197587,0.014139,1
Anderson-Seton-ES,1997,0,0.000742,0.011493,0.001174,0.012667,0.001877,1
Anderson-Seton-ES,1998,0,0.000408,0.003841,0.000563,0.004404,0.002442,1
Anderson-Seton-ES,1999,0,0.002508,0.037729,0.002405,0.040134,0.001765,1
Anderson-Seton-ES,2000,0,0.000624,0.087114,0.004264,0.091378,0.016571,1
Anderson-Seton-ES,2001,0,0.000315,0.04319,0.006741,0.049931,0.004007,1
Anderson-Seton-ES,2002,0,0.001262,0.011045,0.000694,0.011739,0.001144,1
Anderson-Seton-ES,2003,0,0.000213,0.003861,0.000687,0.004548,0.005036,1
Anderson-Seton-ES,2004,0,0.000343,0.040513,0.008424,0.048937,0.005483,1
Anderson-Seton-ES,2005,0,0.00018,0.013976,0.000871,0.014847,0.008851,1
Anderson-Seton-ES,2006,0,0.000978,0.024834,0.013603,0.038437,0.001456,1
Anderson-Seton-ES,2007,0,0.006665,0.106179,NA,NA,0.001079,1
Anderson-Seton-ES,2008,NA,NA,NA,NA,NA,0.001752,1
Anderson-Seton-ES,2009,NA,NA,NA,NA,NA,0.005274,1
Anderson-Seton-ES,2010,NA,NA,NA,NA,NA,0.005903,1
Anderson-Seton-ES,2011,NA,NA,NA,NA,NA,0.026445,1
Anderson-Seton-ES,2012,NA,NA,NA,NA,NA,0.006899,1
Anderson-Seton-ES,2013,NA,NA,NA,NA,NA,0.023053,1
Nadina-Francois-ES,1973,0,0.000146,0.067467,0.005741,0.073208,0.010726,8
Nadina-Francois-ES,1974,0,0.000195,0.020017,0,0.020017,0.002072,8
Nadina-Francois-ES,1975,0,0.00034,0.152807,0.005729,0.158536,0.008655,8
Nadina-Francois-ES,1976,0,0.000027,0.007247,0,0.007247,0.000898,8
Nadina-Francois-ES,1977,0,0.000172,0.125303,0.006574,0.131877,0.010085,8
Nadina-Francois-ES,1978,0,0.000083,0.028397,0.002767,0.031164,0.001527,8
Nadina-Francois-ES,1979,0,0.000005,0.083912,0.017456,0.101368,0.021272,8
Nadina-Francois-ES,1980,0,0.000004,0.016037,0.005331,0.021368,0.001603,8
Nadina-Francois-ES,1981,0,0.000005,0.073214,0.00353,0.076744,0.011363,8
Nadina-Francois-ES,1982,0,0,0.005364,0.001411,0.006775,0.001423,8
Nadina-Francois-ES,1983,0,0.000032,0.13848,0.011219,0.149699,0.015945,8
Nadina-Francois-ES,1984,0,0,0.020594,0.004323,0.024917,0.003847,8
Nadina-Francois-ES,1985,0,0,0.041411,0.005442,0.046853,0.007731,8
Nadina-Francois-ES,1986,0,0,0.01608,0.004758,0.020838,0.002051,8
Nadina-Francois-ES,1987,0,0.000016,0.170901,0.020119,0.19102,0.015643,8
Nadina-Francois-ES,1988,0,0,0.048538,0.009201,0.057739,0.004514,8
Nadina-Francois-ES,1989,0,0,0.015466,0.003412,0.018878,0.002653,8
Nadina-Francois-ES,1990,0,0,0.014995,0.000739,0.015734,0.003405,8
Nadina-Francois-ES,1991,0,0.000112,0.047222,0.009005,0.056227,0.033387,8
Nadina-Francois-ES,1992,0,0.000009,0.05495,0.049754,0.104704,0.002355,8
Nadina-Francois-ES,1993,0,0,0.051434,0.005268,0.056702,0.004797,8
Nadina-Francois-ES,1994,0,0,0.009887,0.008471,0.018358,0.001077,8
Nadina-Francois-ES,1995,0,0.000025,0.065492,0,0.065492,0.008452,8
Nadina-Francois-ES,1996,0,0.000004,0.451557,0.095036,0.546593,0.018036,8
Nadina-Francois-ES,1997,0,0,0.002444,0.000742,0.003186,0.002624,8
Nadina-Francois-ES,1998,0,0.000009,0.003913,0.000957,0.00487,0.001983,8
Nadina-Francois-ES,1999,0,0,0.011388,0,0.011388,0.005026,8
Nadina-Francois-ES,2000,0,0,0.233547,0.02599,0.259537,0.065446,8
Nadina-Francois-ES,2001,0,0,0.04802,0.048105,0.096125,0.017875,8
Nadina-Francois-ES,2002,0,0,0.005758,0.000422,0.00618,0.001031,8
Nadina-Francois-ES,2003,0,0,0.00337,0.000335,0.003705,0.001677,8
Nadina-Francois-ES,2004,0,0.000032,0.200535,0.019053,0.219588,0.013773,8
Nadina-Francois-ES,2005,0,0,0.011658,0.004647,0.016305,0.012141,8
Nadina-Francois-ES,2006,0,0.000002,0.043269,0.02152,0.064789,0.004487,8
Nadina-Francois-ES,2007,0,0,0.010302,NA,NA,0.001006,8
Nadina-Francois-ES,2008,NA,NA,NA,NA,NA,0.010169,8
Nadina-Francois-ES,2009,NA,NA,NA,NA,NA,0.003718,8
Nadina-Francois-ES,2010,NA,NA,NA,NA,NA,0.011892,8
Nadina-Francois-ES,2011,NA,NA,NA,NA,NA,0.001195,8
Nadina-Francois-ES,2012,NA,NA,NA,NA,NA,0.016766,8
Nadina-Francois-ES,2013,NA,NA,NA,NA,NA,0.007129,8
Pitt-ES,1948,0,0,0.026803,0.095917,0.12272,0.02034,15
Pitt-ES,1949,0,0,0.006085,0.013251,0.019336,0.004449,15
Pitt-ES,1950,0,0.000062,0.091231,0.055044,0.146275,0.013313,15
Pitt-ES,1951,0,0,0.041761,0.078541,0.120302,0.017922,15
Pitt-ES,1952,0,0,0.039952,0.03189,0.071842,0.021904,15
Pitt-ES,1953,0,0,0.012688,0.012372,0.02506,0.009303,15
Pitt-ES,1954,0,0.000042,0.037926,0.013126,0.051052,0.008332,15
Pitt-ES,1955,0,0.000005,0.078394,0.085616,0.16401,0.011221,15
Pitt-ES,1956,0,0.000015,0.028169,0.038686,0.066855,0.011107,15
Pitt-ES,1957,0,0,0.003474,0.024544,0.028018,0.00513,15
Pitt-ES,1958,0,0.000012,0.012978,0.003157,0.016135,0.006658,15
Pitt-ES,1959,0,0.00001,0.0218,0.039932,0.061732,0.006096,15
Pitt-ES,1960,0,0,0.005842,0.027406,0.033248,0.012532,15
Pitt-ES,1961,0,0.000074,0.026282,0.074479,0.100761,0.006542,15
Pitt-ES,1962,0,0.000046,0.024085,0.032679,0.056764,0.008479,15
Pitt-ES,1963,0,0.000068,0.088616,0.054052,0.142668,0.005798,15
Pitt-ES,1964,0,0.000068,0.048016,0.142584,0.1906,0.00632,15
Pitt-ES,1965,0,0,0.014943,0.024041,0.038984,0.003387,15
Pitt-ES,1966,0,0.000065,0.024568,0.051336,0.075904,0.010735,15
Pitt-ES,1967,0,0.000029,0.024122,0.042747,0.066869,0.005241,15
Pitt-ES,1968,0,0.000045,0.038212,0.067282,0.105494,0.008194,15
Pitt-ES,1969,0,0,0.009262,0.051821,0.061083,0.001383,15
Pitt-ES,1970,0,0.000081,0.021806,0.032749,0.054555,0.000619,15
Pitt-ES,1971,0,0.000462,0.091337,0.123848,0.215185,0.006696,15
Pitt-ES,1972,0,0.000031,0.0783,0.044584,0.122884,0.006575,15
Pitt-ES,1973,0,0.000011,0.011903,0.017262,0.029165,0.004713,15
Pitt-ES,1974,0,0.000178,0.053388,0.078361,0.131749,0.008859,15
Pitt-ES,1975,0,0.000081,0.06418,0.020578,0.084758,0.021376,15
Pitt-ES,1976,0,0.000041,0.013812,0.091485,0.105297,0.019475,15
Pitt-ES,1977,0,0.000057,0.015331,0.018676,0.034007,0.007798,15
Pitt-ES,1978,0,0,0.010736,0.024013,0.034749,0.014116,15
Pitt-ES,1979,0,0.000022,0.00377,0.034444,0.038214,0.020384,15
Pitt-ES,1980,0,0.000008,0.010736,0.006169,0.016905,0.009191,15
Pitt-ES,1981,0,0,0.002416,0.031641,0.034057,0.013301,15
Pitt-ES,1982,0,0.000037,0.004318,0.01391,0.018228,0.00509,15
Pitt-ES,1983,0,0.000022,0.01173,0.050301,0.062031,0.010093,15
Pitt-ES,1984,0,0.000107,0.018612,0.056977,0.075589,0.008759,15
Pitt-ES,1985,0,0.000026,0.00618,0.017002,0.023182,0.002113,15
Pitt-ES,1986,0,0,0.006413,0.033585,0.039998,0.012305,15
Pitt-ES,1987,0,0.000003,0.007374,0.014591,0.021965,0.005533,15
Pitt-ES,1988,0,0,0.002587,0.05849,0.061077,0.019026,15
Pitt-ES,1989,0,0.000007,0.004944,0.011658,0.016602,0.009051,15
Pitt-ES,1990,0,0.000018,0.001561,0.007538,0.009099,0.006037,15
Pitt-ES,1991,0,0.000001,0.00171,0.032177,0.033887,0.010867,15
Pitt-ES,1992,0,0,0.029707,0.070846,0.100553,0.004411,15
Pitt-ES,1993,0,0.000011,0.016103,0.086635,0.102738,0.01143,15
Pitt-ES,1994,0,0.000081,0.004617,0.030016,0.034633,0.004087,15
Pitt-ES,1995,0,0,0.008821,0.04415,0.052971,0.003185,15
Pitt-ES,1996,0,0.000018,0.021331,0.129612,0.150943,0.021678,15
Pitt-ES,1997,0,0.000011,0.012324,0.083927,0.096251,0.017239,15
Pitt-ES,1998,0,0.000019,0.033437,0.098506,0.131943,0.049869,15
Pitt-ES,1999,0,0,0.024538,0.118076,0.142614,0.019388,15
Pitt-ES,2000,0,0.000015,0.041913,0.06936,0.111273,0.018581,15
Pitt-ES,2001,0,0,0.007379,0.047231,0.05461,0.074627,15
Pitt-ES,2002,0,0.000015,0.02498,0.044165,0.069145,0.039138,15
Pitt-ES,2003,0,0,0.000373,0.013413,0.013786,0.03997,15
Pitt-ES,2004,0,0.000009,0.009201,0.030869,0.04007,0.033786,15
Pitt-ES,2005,0,0,0.001735,0.006609,0.008344,0.033806,15
Pitt-ES,2006,0,0.000008,0.01271,0.054307,0.067017,0.021301,15
Pitt-ES,2007,0,0,0.011425,NA,NA,0.019935,15
Pitt-ES,2008,NA,NA,NA,NA,NA,0.006348,15
Pitt-ES,2009,NA,NA,NA,NA,NA,0.018838,15
Pitt-ES,2010,NA,NA,NA,NA,NA,0.008783,15
Pitt-ES,2011,NA,NA,NA,NA,NA,0.030439,15
Pitt-ES,2012,NA,NA,NA,NA,NA,0.041415,15
Pitt-ES,2013,NA,NA,NA,NA,NA,NA,15
Harrison-River Type,1948,0,0,0.043283,0,0.043283,0.014577,23
Harrison-River Type,1949,0,0.011423,0.02565,0,0.037073,0.004372,23
Harrison-River Type,1950,0,0.048269,0.02983,0,0.078099,0.018216,23
Harrison-River Type,1951,0.000903,0.103041,0.018078,0,0.121119,0.013181,23
Harrison-River Type,1952,0,0.018421,0.004633,0,0.023054,0.017215,23
Harrison-River Type,1953,0,0.002232,0.007552,0,0.009784,0.007641,23
Harrison-River Type,1954,0,0.006146,0.008651,0,0.014797,0.016869,23
Harrison-River Type,1955,0.000087,0.060115,0.080836,0,0.140951,0.003405,23
Harrison-River Type,1956,0,0.087258,0.0096,0,0.096858,0.001266,23
Harrison-River Type,1957,0.000043,0.025371,0.034739,0,0.06011,0.00182,23
Harrison-River Type,1958,0.000107,0.055305,0.00448,0,0.059785,0.006404,23
Harrison-River Type,1959,0.000014,0.010452,0.031079,0,0.041531,0.017657,23
Harrison-River Type,1960,0,0.026094,0.003357,0,0.029451,0.007076,23
Harrison-River Type,1961,0.000041,0.001634,0.01155,0,0.013184,0.021725,23
Harrison-River Type,1962,0,0.031134,0.019678,0,0.050812,0.004155,23
Harrison-River Type,1963,0,0.050277,0.037548,0,0.087825,0.009803,23
Harrison-River Type,1964,0.000047,0.043883,0.007247,0,0.05113,0.001101,23
Harrison-River Type,1965,0.000065,0.008237,0.012043,0,0.02028,0.007779,23
Harrison-River Type,1966,0.000019,0.042848,0.012577,0,0.055425,0.009295,23
Harrison-River Type,1967,0.000145,0.021814,0.028976,0,0.05079,0.012672,23
Harrison-River Type,1968,0.000126,0.013492,0.004193,0,0.017685,0.002854,23
Harrison-River Type,1969,0,0.00215,0.005152,0,0.007302,0.007559,23
Harrison-River Type,1970,0.000098,0.01881,0.020855,0,0.039665,0.006471,23
Harrison-River Type,1971,0,0.061283,0.023176,0,0.084459,0.00197,23
Harrison-River Type,1972,0,0.001153,0.00081,0,0.001963,0.000794,23
Harrison-River Type,1973,0,0.032256,0.005425,0,0.037681,0.001571,23
Harrison-River Type,1974,0,0.006133,0.034205,0,0.040338,0.008709,23
Harrison-River Type,1975,0,0.022979,0.105641,0,0.12862,0.003381,23
Harrison-River Type,1976,0,0.04341,0.001184,0,0.044594,0.002933,23
Harrison-River Type,1977,0,0.016076,0.007982,0,0.024058,0.001374,23
Harrison-River Type,1978,0,0.007016,0.034177,0,0.041193,0.010488,23
Harrison-River Type,1979,0,0.00047,0.010425,0,0.010895,0.020234,23
Harrison-River Type,1980,0,0.013416,0.000977,0,0.014393,0.002262,23
Harrison-River Type,1981,0,0.012466,0.005403,0,0.017869,0.001788,23
Harrison-River Type,1982,0,0.004275,0.024681,0,0.028956,0.004686,23
Harrison-River Type,1983,0,0.007855,0.009995,0,0.01785,0.002132,23
Harrison-River Type,1984,0.000069,0.003558,0.001569,0,0.005127,0.000689,23
Harrison-River Type,1985,0.000069,0.003694,0.010713,0,0.014407,0.001825,23
Harrison-River Type,1986,0,0.00568,0.003927,0,0.009607,0.004145,23
Harrison-River Type,1987,0,0.0033,0.041748,0,0.045048,0.002686,23
Harrison-River Type,1988,0.000185,0.002005,0.001786,0,0.003791,0.000947,23
Harrison-River Type,1989,0,0.000489,0.012934,0,0.013423,0.001997,23
Harrison-River Type,1990,0,0.061732,0.064156,0,0.125888,0.001888,23
Harrison-River Type,1991,0,0.004426,0.033685,0,0.038111,0.007958,23
Harrison-River Type,1992,0,0.000517,0.003219,0,0.003736,0.000172,23
Harrison-River Type,1993,0,0.014645,0.004451,0,0.019096,0.002271,23
Harrison-River Type,1994,0,0.000286,0.020396,0,0.020682,0.006087,23
Harrison-River Type,1995,0,0.001537,0.048276,0,0.049813,0.006758,23
Harrison-River Type,1996,0,0.003058,0.004502,0,0.00756,0.008255,23
Harrison-River Type,1997,0,0.010357,0.071883,0,0.08224,0.001084,23
Harrison-River Type,1998,0,0.01816,0.04605,0,0.06421,0.003012,23
Harrison-River Type,1999,0,0.016673,0.074656,0,0.091329,0.005592,23
Harrison-River Type,2000,0,0.00795,0.003873,0,0.011823,0.001745,23
Harrison-River Type,2001,0,0.05396,0.333007,0,0.386967,0.008335,23
Harrison-River Type,2002,0,0.088078,0.188564,0,0.276642,0.024384,23
Harrison-River Type,2003,0,0.020138,0.083148,0,0.103286,0.006043,23
Harrison-River Type,2004,0,0.107366,0.03485,0,0.142216,0.000986,23
Harrison-River Type,2005,0,0.00577,0.010142,0,0.015912,0.211547,23
Harrison-River Type,2006,0,0.390465164,0.998292,0,1.388757,0.090944,23
Harrison-River Type,2007,0,0.304932697,1.330529991,0,1.635463,0.057444,23
Harrison-River Type,2008,0,0.05784913,0.118829728,0,0.176678858,0.004409,23
Harrison-River Type,2009,0,0.025206306,0.149539754,NA,NA,0.100603,23
Harrison-River Type,2010,NA,NA,NA,NA,NA,0.399661,23
Harrison-River Type,2011,NA,NA,NA,NA,NA,0.38708,23
Harrison-River Type,2012,NA,NA,NA,NA,NA,0.032895,23
Harrison-River Type,2013,NA,NA,NA,NA,NA,0.078023,23
